session_id,design_type,authorize_fee_uALGO,settle_fee_uALGO,total_fee_uALGO,authorize_tx_count,settle_tx_count,total_tx_count,authorize_latency_s,settle_latency_s,e2e_latency_seconds,start_time_utc,end_time_utc,first_round,last_round,tx_ids,status,error_reason
33ecd09c-b2e6-44aa-9ceb-42deef5d3038,Direct,0,1000,1000,0,1,1,0.0,5.416,5.416,2026-09-15T05:58:53.230687+00:00,2026-09-15T05:58:58.647060+00:00,67320088,67320088,"[""3RC2O2TW3GXRBR7ZRVWFTTZDOUUNGYIBDPCIOHJBPGYT7QFDAB2Q""]",SUCCESS,
a704f636-e48d-408a-a611-0e2656c33cad,Naive,3000,2000,5000,2,1,3,5.131,5.166,10.556,2026-09-15T05:59:02.007119+00:00,2026-09-15T05:59:12.563399+00:00,67320091,67320093,"[""RE7TPHT2HQUIG752HL2LOOGMGRLPTVRJAUSQDBDAM7KHHU65O45A"", ""TGVVAPPT3KXO4ZWE6TMG6S56465ICTXNEEUNMLZ6QDTNQPMBAMIA""]",SUCCESS,
4ff4bb3e-71e1-4cff-a2e6-6ff9580fa90e,T-REX,6000,18000,24000,6,16,22,6.141,4.259,15.438,2026-09-15T05:59:16.064827+00:00,2026-09-15T05:59:31.502699+00:00,67320097,67320100,"[""32EJHJFAQDBGP75CFZMXUS27UW45HSSE3CSNFZCEUD2FQZIRL5CA"", ""APMYYOIJ2MWVWSVPJKVNOLWKPGS2SLVDDMZYTOXJYPAKOETQMYWQ""]",SUCCESS,
2a1ecee1-bdfa-43b7-821c-b9cd5d7882b2,Direct,0,1000,1000,0,1,1,0.0,5.981,5.981,2026-09-15T05:59:33.522475+00:00,2026-09-15T05:59:39.503816+00:00,67320103,67320103,"[""SEYDNE2H4U4ZA6LNKJZ6XXKUTRRF3GTFQUW5UK2HOT5H6FZCIPOQ""]",SUCCESS,
962cd41f-07d9-4c84-a426-ac8fabe1c00d,Naive,3000,2000,5000,2,1,3,6.059,5.129,11.475,2026-09-15T05:59:44.309378+00:00,2026-09-15T05:59:55.784771+00:00,67320107,67320109,"[""3VNUYYNBBXSY5X2FGWUHO3OFQLXYOKEWBBTIHJ2SEVSEIXVRFAMA"", ""MIMCEVNOEH2BQC26QMHFVUIIYOC4UEASRJMR7WCGQXCYVSUDOFDA""]",SUCCESS,
a3fba278-e314-4aa6-8dc4-9eccbbeb349d,T-REX,6000,18000,24000,6,16,22,4.963,4.16,14.355,2026-09-15T06:00:00.449949+00:00,2026-09-15T06:00:14.804991+00:00,67320113,67320116,"[""ZKQWOM2YY3ODGT6AAMPESOG553JZZWWTI5XP33X4ERVL6G7SPNPA"", ""U24QEYNHUF4YXYAY36FRICTKHPRMBK6PBKAZZLPND6RKCJAMUPVA""]",SUCCESS,
dca87d9a-9942-4fc6-a9e8-8e62f8e45825,Direct,0,1000,1000,0,1,1,0.0,6.212,6.212,2026-09-15T06:00:19.228939+00:00,2026-09-15T06:00:25.440799+00:00,67320120,67320120,"[""WORQP7JAIXTD4YGJ6RA6AG6ON7NCXKJFGPSWFBSU4OLU3ZRS35EQ""]",SUCCESS,
60a492b4-a386-4cfe-a81c-a2fe92daa5e3,Naive,3000,2000,5000,2,1,3,6.521,5.148,11.934,2026-09-15T06:00:29.808929+00:00,2026-09-15T06:00:41.742920+00:00,67320124,67320126,"[""URUG7JNICS2LNZHOTKR2CLISPJGEFSSRIVSEOCJF4P7WFHSMDLVA"", ""US5SFI724AOPYBPAFIGKDTB26GLHRPOARIJ6DNCC7N74IZQTXBAQ""]",SUCCESS,
cce6f801-15ed-468a-ba76-31eaa1b46454,T-REX,6000,18000,24000,6,16,22,5.59,4.219,14.96,2026-09-15T06:00:45.798087+00:00,2026-09-15T06:01:00.758004+00:00,67320130,67320133,"[""RBFV5YJXVT5TDXFPFPSID4IZLVGCYRMF65Z4LGCGTE3KPDVGNFZQ"", ""AY3HHXXM56TQT7HZFTFLHWH2PFMSJFLBNM5GB7ABCY2YYZV7XGJQ""]",SUCCESS,
a0ab4083-790b-4b28-8485-64abbace6973,Direct,0,1000,1000,0,1,1,0.0,4.372,4.372,2026-09-15T06:01:04.336518+00:00,2026-09-15T06:01:08.708109+00:00,67320136,67320136,"[""FFVWCM7MG6ZF6KOMUR3PH5XB4FPUQ6BRDTHRD2SHZ7D66YVMAQ4Q""]",SUCCESS,
4fdb3005-fb93-4069-9bef-8f694095bd65,Naive,3000,2000,5000,2,1,3,6.669,5.119,12.047,2026-09-15T06:01:12.878737+00:00,2026-09-15T06:01:24.925453+00:00,67320140,67320142,"[""CKMXZ7UCE6VPDJJYLBUKEQMNKH3DVBJNO7MZJ3KCJ4HNROWDWV7Q"", ""V3F4HIZFRCZVK5G7E5ZSRBDMPGUUCVSZ2Y2MG72EJPTUNCTCE76Q""]",SUCCESS,
d9ff6e32-f7a5-4b43-aa3c-3a597f587288,T-REX,6000,18000,24000,6,16,22,5.753,4.243,15.365,2026-09-15T06:01:28.672670+00:00,2026-09-15T06:01:44.037916+00:00,67320146,67320149,"[""QO5WNJISTXTVQGO3XCAB3DZC334KYANFUE2YFFIRS5N7UV25NGTA"", ""FAORHCAF7FPUFCZIZBYKGEPBVPPJGBN6B34JBETAOSBY4BCIPG6A""]",SUCCESS,
fb558689-5ff9-43f6-844b-fbf4a05496aa,Direct,0,1000,1000,0,1,1,0.0,5.274,5.274,2026-09-15T06:01:48.922738+00:00,2026-09-15T06:01:54.197100+00:00,67320153,67320153,"[""WFSA3FUBFWOZKPISN2NFLLZYSHM44L7S72EKCHJV6BNCHT75FDPA""]",SUCCESS,
d56bc0dd-1764-491f-99e4-35c2c09bf98b,Naive,3000,2000,5000,2,1,3,5.486,5.192,10.953,2026-09-15T06:01:57.194494+00:00,2026-09-15T06:02:08.147220+00:00,67320156,67320158,"[""BGJLLLXWCDVILXDMDUSO6P2ITPMOG3LMOZUNODCSE7V6W4XVS2UA"", ""SG2QHC7MP3GMJKMIBZ5CP6IXQ6EPPAA3H7FIDR4QE47SQIEMDLQQ""]",SUCCESS,
8178eaf4-6621-4f54-ae31-b0a75c205199,T-REX,6000,18000,24000,6,16,22,4.537,4.278,13.856,2026-09-15T06:02:10.472950+00:00,2026-09-15T06:02:24.328768+00:00,67320161,67320164,"[""PIENNYUHVWLPS3RVHI3MLILAQY6XPI2EPO3WTFXXWLVAVJFGNPLQ"", ""NNEIWR3UJJ7HCBJDAYOSPTUIX6A2PX3R6U4M24ANDP5UDTPIBTEQ""]",SUCCESS,
29793796-97b4-477c-932d-5de58e3b0eae,Direct,0,1000,1000,0,1,1,0.0,6.032,6.032,2026-09-15T06:02:28.685781+00:00,2026-09-15T06:02:34.718266+00:00,67320168,67320168,"[""6TUEIBB7DVVM6OACPMJX5SCQWIT5JGYRYFWJ2JQL5POJY32MTENQ""]",SUCCESS,
39882d2b-f768-40d0-b82a-3678124621f3,Naive,3000,2000,5000,2,1,3,4.898,5.265,10.416,2026-09-15T06:02:38.316785+00:00,2026-09-15T06:02:48.733074+00:00,67320171,67320173,"[""PTTJGJ5N476BAWPKHHH32PNXV2LT3VEAV55SCXATLK7WOMRK2UNA"", ""SEPVRPKTQFWXLC5M4BSLRP3XI6DAKE3V3DYKETLCLUGVOAUFI7GQ""]",SUCCESS,
314726a2-90f5-40a3-ba94-c086303f561a,T-REX,6000,18000,24000,6,16,22,4.533,4.199,13.662,2026-09-15T06:02:53.725026+00:00,2026-09-15T06:03:07.387248+00:00,67320177,67320180,"[""HFHRQCPJMGRMT7MSDB4XGX6OQSXHNAJFGCGRPB5KLT43ETU6PZLQ"", ""WJZ6W2KKIIK6UBWO4CDQ4IYMB6EWANQDQEGIHY5JCNK7TYQH627Q""]",SUCCESS,
af0dc68d-6863-4e28-add2-647d8f582a36,Direct,0,1000,1000,0,1,1,0.0,5.291,5.291,2026-09-15T06:03:10.211998+00:00,2026-09-15T06:03:15.503410+00:00,67320183,67320183,"[""VXYRIRKIYAJ4YLTV6ABCEZWPLTWPDI7WLALFQIFEKBCQTC5INGIQ""]",SUCCESS,
40b91f06-1c03-4ecc-900f-b95137373aec,Naive,3000,2000,5000,2,1,3,5.376,5.147,10.773,2026-09-15T06:03:18.503755+00:00,2026-09-15T06:03:29.276945+00:00,67320186,67320188,"[""IYDOZ7VP2QHJV4NXFGKIBXMHKCWHT45GVWZ42RCYVJUGMB5F2MFQ"", ""WFBTPBHRUDIRNLVPY7ZJIJL7URANWRNU562AXKOLFH6EIMJOCKDQ""]",SUCCESS,
f99259bd-bec5-40fd-b536-16fa9f3ff196,T-REX,6000,18000,24000,6,16,22,4.874,4.077,13.894,2026-09-15T06:03:34.044764+00:00,2026-09-15T06:03:47.938384+00:00,67320192,67320195,"[""KZCOUHYNZCECBQFN6UMUUPWONAS32UHECCWLV64LGRL4E34PXFDA"", ""GCNTXWMJ2C743A565DXK7POX5AOZQHPDIFWNPTVGJ2PZVNDE6Q6Q""]",SUCCESS,
cfcabe2b-a996-4ed2-902e-4a13982cc76e,Direct,0,1000,1000,0,1,1,0.0,5.145,5.145,2026-09-15T06:03:51.240108+00:00,2026-09-15T06:03:56.385587+00:00,67320198,67320198,"[""LEJE6ITJ24W3HW3U4NCRRMZA72K4SHAPUJJKVYPVB4F65LCLJA2Q""]",SUCCESS,
cbcc6e02-fec3-42b8-945c-313b1483d59f,Naive,3000,2000,5000,2,1,3,6.021,5.161,11.434,2026-09-15T06:03:58.466715+00:00,2026-09-15T06:04:09.900769+00:00,67320201,67320203,"[""QU2O3QK7IUBYUFY3QNXNYRUFWEWVFRSJU5LUJG3EXZY4DNXTEG6A"", ""KI7TVENFS3EMGONUNDZANJYTU3T7T3FNOPSRFNSPM7BLFYM6JRPQ""]",SUCCESS,
d64c2fa4-9f08-4a95-a1d1-8e900fca566d,T-REX,6000,18000,24000,6,16,22,6.581,4.203,15.791,2026-09-15T06:04:13.026720+00:00,2026-09-15T06:04:28.817772+00:00,67320207,67320210,"[""ZNN7B2APJYCMOUMQBJXKO7FUUEWWLO2HSVV4LP754G3YVLHMDHAA"", ""HP367ATPUECG4GDN57Z26HUDU5NIUXJZPSLL5UNF2KGY3ULBNWIA""]",SUCCESS,
b7cf8adb-8afd-4267-8d46-e3147dcc2f9f,Direct,0,1000,1000,0,1,1,0.0,3.633,3.633,2026-09-15T06:04:33.100640+00:00,2026-09-15T06:04:36.733399+00:00,67320213,67320213,"[""D72TFPFDZXCKCQPQW7RKUMWT3MYWEBFZABXBVWSDZDTQK2T3EHYQ""]",SUCCESS,
3e4e511b-d2dc-4aa2-8838-6f2364ec9d3b,Naive,3000,2000,5000,2,1,3,6.731,5.069,12.059,2026-09-15T06:04:41.163935+00:00,2026-09-15T06:04:53.222897+00:00,67320217,67320219,"[""DBHJERX72G2CIXQUIPS5L3D4KCSV7OY7IMLOZMATZ5IZUDBGCQJQ"", ""WIY3YM4U72VUHHQJ2HBOCDAOIW6I7ZSYFRLYQXVDAIA355Z2EFGQ""]",SUCCESS,
72e5dbb8-612f-462e-8763-1eda46a8ab12,T-REX,6000,18000,24000,6,16,22,5.457,3.468,14.252,2026-09-15T06:04:57.609471+00:00,2026-09-15T06:05:11.861303+00:00,67320223,67320226,"[""2XTJIP5HACUNTCNR2XWZXI4YY52SLZARSILJKDR4MSP2N45AS2LA"", ""7P7LSHU4A2H4BIQ24PWGBVRJRYJXOCO7LE4LDPU4W4ZKOXEEYTYQ""]",SUCCESS,
197021b9-4852-4b9b-858f-cae711d529a6,Direct,0,1000,1000,0,1,1,0.0,6.64,6.64,2026-09-15T06:05:16.777481+00:00,2026-09-15T06:05:23.417528+00:00,67320230,67320230,"[""ZEHYAH2PXL3VS56OYGI4XLYI25SMG4IZDCV7626DKGSI2KFURQIQ""]",SUCCESS,
faecddbe-87c8-47e7-83d4-924970c2950d,Naive,3000,2000,5000,2,1,3,5.926,5.127,11.376,2026-09-15T06:05:28.045001+00:00,2026-09-15T06:05:39.421563+00:00,67320234,67320236,"[""TQ624TQK4TZ2INMFHZG7PMKODSDUDRCBD5N66EZCKB7EY22AHZWQ"", ""ZCA2MWHY544Q3BIQ3O2S6YCGFGRQEW7RDMSTCUGSMYZZBHKQOC6Q""]",SUCCESS,
2c25a12f-c4d6-4cc0-8349-e88813de662a,T-REX,6000,18000,24000,6,16,22,5.854,4.144,14.751,2026-09-15T06:05:43.265419+00:00,2026-09-15T06:05:58.016595+00:00,67320240,67320243,"[""TQ4T7IHEX5FPK57XUAALS6Q2G6SOZXJRMX7LXAT4X4PP3UIZ5VMA"", ""OZFOLEPKMWRKTYHXBS2EIYAA5YYWIWXIPEQKZUOE6N4LCISHJH4Q""]",SUCCESS,
77741f4b-c137-4eb6-8b72-b213ea8915f2,Direct,0,1000,1000,0,1,1,0.0,6.494,6.494,2026-09-15T06:06:00.314755+00:00,2026-09-15T06:06:06.808975+00:00,67320246,67320246,"[""RUHBM74UQQYGA5N3PRHYLLWXCVLWFVHPCR2BIU76YJ3PXGWJLEOQ""]",SUCCESS,
4388ecea-30eb-42dd-b012-2271c2303d2f,Naive,3000,2000,5000,2,1,3,5.977,5.234,11.435,2026-09-15T06:06:11.413382+00:00,2026-09-15T06:06:22.848403+00:00,67320250,67320252,"[""6JKDWUCTHBT3GYSU2KHUK62X2354Z4RLCVV46UEVSGUV2K5RGJKQ"", ""VTT7CVETULDLZISOWLDZZRHVKRQAO4NUI2TEENBB53YG4AW44PFA""]",SUCCESS,
ba9c827a-a812-45e4-8843-32f35c0326cb,T-REX,6000,18000,24000,6,16,22,4.916,4.139,14.072,2026-09-15T06:06:27.555542+00:00,2026-09-15T06:06:41.627543+00:00,67320256,67320259,"[""2S6B4YHAGNXNA7D7AY5I4GZGBI3GHML75KQFELO2NRFYWXOG6JGQ"", ""EJQR5S5EEZTUWILE3R7FHD4FGO62QFAKNEE26B7ROQPR7FMFU3XQ""]",SUCCESS,
f64e333b-eb80-4a37-8dfa-449ab13d1439,Direct,0,1000,1000,0,1,1,0.0,6.01,6.01,2026-09-15T06:06:46.566965+00:00,2026-09-15T06:06:52.576979+00:00,67320263,67320263,"[""FX5ZDAJ36NLCYHEEU5HPPGWYG4IG4Y4JPR56Z5UF2BYA25XKHJVA""]",SUCCESS,
b8dcd02d-8d76-4486-b2ff-4660bfc9fb9a,Naive,3000,2000,5000,2,1,3,5.506,5.172,10.935,2026-09-15T06:06:55.180500+00:00,2026-09-15T06:07:06.115239+00:00,67320266,67320268,"[""KJMEDCHCWIC2FFU6AL3M6W264RMKIKFASIDVTDKEDMPCGHCMHP5Q"", ""7W5R3WYKZVGL7O7IHO6PAB5SBRF7CYGH6RFULMZCIFW5P7J3MZMA""]",SUCCESS,
76a9d471-b49b-40c4-99ea-25033134eef3,T-REX,6000,18000,24000,6,16,22,5.731,4.044,15.006,2026-09-15T06:07:09.964340+00:00,2026-09-15T06:07:24.969987+00:00,67320272,67320275,"[""UJQWWMVK6K5CRIB7FJZWHZSCJSO3TTD2C7PFBMJFHZ64HNH74UKA"", ""K7LQGD4CGNP7OKH2ICDPKEYUP2TNCOTQU42OVWHVJUHNLPDTNX4Q""]",SUCCESS,
8d6fcb32-24f4-4375-ae48-e1c00ed50995,Direct,0,1000,1000,0,1,1,0.0,5.867,5.867,2026-09-15T06:07:27.068715+00:00,2026-09-15T06:07:32.935739+00:00,67320278,67320278,"[""DDDCF5YE2C2JCQX24EEFVQ54ZNOXL337KY7IIBCK53VW7HEH2Z3Q""]",SUCCESS,
cad8d12f-1731-458e-8dd3-9c7738beea60,Naive,3000,2000,5000,2,1,3,4.96,5.183,10.41,2026-09-15T06:07:36.232609+00:00,2026-09-15T06:07:46.642206+00:00,67320281,67320283,"[""JW7X5EPHXABAPIIVRYTJW2HOYCFMR7EZLI2W2NW2QNXG7BU46E4A"", ""U7CDWVOJI5LWXXNFKW6AA2JSOEL4N2PVKCFNC45JOYTGEQQM6QNQ""]",SUCCESS,
ac213c6c-18e6-4883-a79b-b3491eba5da5,T-REX,6000,18000,24000,6,16,22,4.432,4.153,13.623,2026-09-15T06:07:49.198060+00:00,2026-09-15T06:08:02.821130+00:00,67320286,67320289,"[""MJWYR5U2JCTRP63JYUE5XTO32V3EYS5N5YN2CAMZXZW2SD7HXKWQ"", ""3SR47TIT2Z2L3HTZUWLBZP4J7IBXYXFANFOZ6KMPPLNLOBQRSCDQ""]",SUCCESS,
1aa34162-d479-4ae8-bf03-8612ebed2d9d,Direct,0,1000,1000,0,1,1,0.0,5.01,5.01,2026-09-15T06:08:05.578420+00:00,2026-09-15T06:08:10.588223+00:00,67320292,67320292,"[""IB2DFFWXERQF6YFMUDDHVOWX4V25EGTX7GSLDNTOHTTWKFCK2I3A""]",SUCCESS,
084b957b-642c-4410-bb2b-a1ae88f554bf,Naive,3000,2000,5000,2,1,3,5.305,5.164,10.709,2026-09-15T06:08:13.859062+00:00,2026-09-15T06:08:24.567881+00:00,67320295,67320297,"[""4Q4T2UIM3V5DUI6DE7OML45QF4UGVQL6MZWOF4O2XI6NYQGXNQXA"", ""7RDKQQG5SRTHJOZXQRWNE3N6AZ3PU4RPN3EAHSYPDDGNTKW4A5FA""]",SUCCESS,
89efae22-e5d4-47ad-b92a-660837c71967,T-REX,6000,18000,24000,6,16,22,5.798,4.145,14.995,2026-09-15T06:08:28.392971+00:00,2026-09-15T06:08:43.388206+00:00,67320301,67320304,"[""PX76MQYW3ICG2CJEEW5EDAO7EOWJTWSM3VL2G3KIJZUOII4TEKAA"", ""2XGUV4TADOVUD465ENH5ZDBKQ5IEK6FPNNAGJ5PVVTECJEPPNTCA""]",SUCCESS,
31cfe95b-2bc2-4ac2-8481-acb7769a7c88,Direct,0,1000,1000,0,1,1,0.0,5.139,5.139,2026-09-15T06:08:46.208049+00:00,2026-09-15T06:08:51.346632+00:00,67320307,67320307,"[""3XLTQSRHYA42GEU7JBDH557ECBKRHLA4GYLDIAJ5PZ6YIKLLF25Q""]",SUCCESS,
33ebc0dd-8263-4f74-81be-90e044564f23,Naive,3000,2000,5000,2,1,3,6.183,5.29,11.712,2026-09-15T06:08:53.484973+00:00,2026-09-15T06:09:05.196690+00:00,67320310,67320312,"[""GYWNGNBZNDUUHCPZOFB4YCBDNR76QI63UK7IVU3OQB3CWR66XC3Q"", ""AJYIPC762D7XSI5T5X52TG5O3VIWRTOXER6C5UFKDAKBATCC5EXA""]",SUCCESS,
dd7a9eb5-c5be-4522-8492-723f05526670,T-REX,6000,18000,24000,6,16,22,6.416,4.27,15.763,2026-09-15T06:09:08.238386+00:00,2026-09-15T06:09:24.000997+00:00,67320316,67320319,"[""VDSAI57RBDENGH23IJFCVEJEVDR5MOSCRMBBT63SVUJX7WWZSWRQ"", ""6KGDXMRE7V6SHO6F7KW24TRU45N7VNCSMBWLBRWDIHICN2IIVVRQ""]",SUCCESS,
ab38f932-f284-405b-8149-f00cb4d3ae4b,Direct,0,1000,1000,0,1,1,0.0,5.272,5.272,2026-09-15T06:09:26.614204+00:00,2026-09-15T06:09:31.886451+00:00,67320322,67320322,"[""4D32I7LSI4U6NRTOMTRCH5ESSOQUWX7TPVX2NPX3B4AEKQC7QK4A""]",SUCCESS,
742155de-b73e-4b42-b87b-00d9e581ebed,Naive,3000,2000,5000,2,1,3,4.611,5.097,9.974,2026-09-15T06:09:35.737337+00:00,2026-09-15T06:09:45.711335+00:00,67320325,67320327,"[""FPO2YP2TWXUTI5L2E4TB4FHT7QJRORPKJULLVUHBJOK2BGKVBLLA"", ""G3VEDHPNJHSPRZKB357YLCIZUS5NNMKZTCU35FDWBJUQ3VLP5TCA""]",SUCCESS,
ee08b631-ba39-418c-9a48-7ba18c60f072,T-REX,6000,18000,24000,6,16,22,6.393,4.34,15.761,2026-09-15T06:09:49.008302+00:00,2026-09-15T06:10:04.769055+00:00,67320331,67320334,"[""YYCYCO4JZ36HXGVVQF46XSLCN3K3EZOQJCFSMMGMLE43AAPVHLCA"", ""RPM57Q5QPT3OPELE6F5JPGZKHQCQXJ2GMDYFBROSYQPZWLVUXGSA""]",SUCCESS,
407fae0b-d767-4088-920e-11d68c38b2ce,Direct,0,1000,1000,0,1,1,0.0,5.471,5.471,2026-09-15T06:10:06.955873+00:00,2026-09-15T06:10:12.426711+00:00,67320337,67320337,"[""ZB4AXVP2LUQVCIZ6VBUMQVHCFV3DJVNCICG5PFOY6VVRH3QTBZ7A""]",SUCCESS,
d22bc2c1-34d6-435c-b35e-0ff2425ea2bd,Naive,3000,2000,5000,2,1,3,6.232,5.134,11.599,2026-09-15T06:10:14.766011+00:00,2026-09-15T06:10:26.365159+00:00,67320340,67320342,"[""XY6KWIU6LUX5XSGMNLA3KQ4VKIMUMZPWIEBMJWVM7EFCOGMUBQBQ"", ""2LTP33Z73TNXMLYAKFBZXJBJYGGTSNRUIQSCY5Q4Q7QXW7AIK5DA""]",SUCCESS,
d3b29d3b-98f8-474e-9e13-f628c99b78d7,T-REX,6000,18000,24000,6,16,22,6.723,4.186,16.174,2026-09-15T06:10:29.301958+00:00,2026-09-15T06:10:45.476341+00:00,67320346,67320349,"[""CEV6YRJJHIIXZXIZY2644G6U5SM5MVP436GXO7TDMHS47EHNGQUA"", ""SO6OE5QG7V2YQF66VMR7X5LLZEG7YZJS6EACCN4CRRBNW36EFOMQ""]",SUCCESS,
f70d0eb1-97de-4db0-aab1-be42f5e6fc1b,Direct,0,1000,1000,0,1,1,0.0,5.196,5.196,2026-09-15T06:10:48.002691+00:00,2026-09-15T06:10:53.199232+00:00,67320352,67320352,"[""EQX7U7DFNNWHWCJVYA7YM25ZDTJEP34H5WGC7AMGU7HEZJSB6W5A""]",SUCCESS,
dcf5aeb9-6484-4964-8062-da916238b035,Naive,3000,2000,5000,2,1,3,6.006,5.237,11.462,2026-09-15T06:10:55.575757+00:00,2026-09-15T06:11:07.038293+00:00,67320355,67320357,"[""7A6O26VIY2XQNSWIL3M6VGJKUYIL3EFK3XC7CHHFVQVQIZSAVTLQ"", ""P5RK2YILNMDJBNPWQ4J4OMZLB7TU62SWP6U3T3F6GOP7GCJYJ7SQ""]",SUCCESS,
b641c2d4-ce8b-46af-9b20-361896075f2e,T-REX,6000,18000,24000,6,16,22,6.469,4.269,16.017,2026-09-15T06:11:10.059505+00:00,2026-09-15T06:11:26.076219+00:00,67320361,67320364,"[""RLFEJHYMT2DIXUMGFJOANY6CBGZCWFEAOCUH4BJG6N6SI2A2TVUA"", ""FOXH2GHVOKNL7GI6ERR2NO72HB32GIRD3BXXRMNGQIPOK25ISHGA""]",SUCCESS,
59b974b9-8042-4c53-94b3-7d4da7464886,Direct,0,1000,1000,0,1,1,0.0,5.331,5.331,2026-09-15T06:11:28.825369+00:00,2026-09-15T06:11:34.156721+00:00,67320367,67320367,"[""6TEZILLMTOO3QZC2XQJE7GJNTWKG7UYVMOUNNCD72JTGHPBPRNCQ""]",SUCCESS,
0652475d-09ae-4e77-a31a-1192373ae21c,Naive,3000,2000,5000,2,1,3,5.701,5.094,11.051,2026-09-15T06:11:36.486655+00:00,2026-09-15T06:11:47.537901+00:00,67320370,67320372,"[""JN5KKQQ3DB4H4X5UEDHY5A4WBSHELWICHZV3BDXRWFTXTTDIRECQ"", ""FTG46QZ5MYRS43TBFPTZLBTB35UNCZGQT3YRP2EFEOKGXQBMFWRA""]",SUCCESS,
f82a3bb7-4677-4a11-b920-e2619c88ac10,T-REX,6000,18000,24000,6,16,22,6.001,3.63,14.772,2026-09-15T06:11:51.276368+00:00,2026-09-15T06:12:06.048821+00:00,67320376,67320379,"[""6LAEETBOWA3AJCHD4ECLG2KPEVJUQWX7KQFO6AXRXFLTB5L3WMUA"", ""65PTMKJV2XXBSAKYSABVULKJCM73K2AJCDKBJMH3A2UJAAJNKIDA""]",SUCCESS,
648ec07f-afdd-4aae-bd51-4c3b294d5841,Direct,0,1000,1000,0,1,1,0.0,5.282,5.282,2026-09-15T06:12:09.097927+00:00,2026-09-15T06:12:14.379751+00:00,67320382,67320382,"[""K6A63IGVRVS6ICWWUYGU6AGO2H4FJBGKRCQZOOUDHNQHUDA6SEPQ""]",SUCCESS,
d26d20d8-ce24-4542-aaef-41cc8718e13f,Naive,3000,2000,5000,2,1,3,6.184,5.159,11.61,2026-09-15T06:12:19.181059+00:00,2026-09-15T06:12:30.791254+00:00,67320386,67320388,"[""UW5QDYTD4IMLEXRY3E6OAX3MH4WK5TF4FEZG4R2FM43YHQK3B4FA"", ""7VPZJDTU2GASILI2K2V6D5NBLRYINFVX3GRMZD4ZSOWKDTBPJXAA""]",SUCCESS,
99bb142b-5d67-4660-91f8-bc7b8120c639,T-REX,6000,18000,24000,6,16,22,4.424,4.126,13.75,2026-09-15T06:12:33.256333+00:00,2026-09-15T06:12:47.006233+00:00,67320391,67320394,"[""EHTEZJAZYNRVPHLWW3XZML6LONDBBXLPJNWI6V7GLFD7AUWVX4FA"", ""F2NHSIKHQOAR3MQKLWAEX6CNMS5E4KQARXFKFN6VUMTJSA4WTIDQ""]",SUCCESS,
0e676f01-9e7c-4f03-8dae-cb03c37dfeac,Direct,0,1000,1000,0,1,1,0.0,5.96,5.96,2026-09-15T06:12:51.433694+00:00,2026-09-15T06:12:57.393938+00:00,67320398,67320398,"[""OXJOF746HCFAUR5MNGKABS7JUCLABTEXZRY5RGWMUKMVHRSCZDEQ""]",SUCCESS,
426bbc34-68f4-4a86-bb17-d504c9f561d9,Naive,3000,2000,5000,2,1,3,6.996,5.074,12.317,2026-09-15T06:13:01.637475+00:00,2026-09-15T06:13:13.954499+00:00,67320402,67320404,"[""3MC5S26EXKTKTU743U4JGZWBAZC6V2OSVP2MUJSKA427A6QMJCJQ"", ""KFYI325IEADD3HC75HBA6I3EXS7BMZJCKCZLHKNXCDQ74AJXM4NA""]",SUCCESS,
73b6a7ca-1b3a-4e04-8167-a01106aa162f,T-REX,6000,18000,24000,6,16,22,6.971,4.145,16.178,2026-09-15T06:13:16.517374+00:00,2026-09-15T06:13:32.695325+00:00,67320408,67320411,"[""HC7OLI7DP5PGGOD34Q2UM6ZOJP5AXGAW3YM4BAPB25OEZRPBGRPA"", ""I5OXT4IAA57CM6HGYGYB7ATERFOJF42B45255V5E2HF23PZQK3QA""]",SUCCESS,
df5523f7-c3a6-4148-8342-46fb42cbb750,Direct,0,1000,1000,0,1,1,0.0,5.115,5.115,2026-09-15T06:13:35.363138+00:00,2026-09-15T06:13:40.478418+00:00,67320414,67320414,"[""H467DE2PIXS52XO7MEWKNQMVJK734BHCBVXF5G2K5AK6XYHHAAQA""]",SUCCESS,
74cc27ca-75f1-478c-b7cd-a4912f7339f4,Naive,3000,2000,5000,2,1,3,6.19,5.071,11.491,2026-09-15T06:13:42.861525+00:00,2026-09-15T06:13:54.352478+00:00,67320417,67320419,"[""7LFJVDN4DPRR5RYIFGOWZARECP6R4WAEZ5S3EEJGSWCL4ZQJKJYA"", ""XE6VJN6W45CXVODBNEGA2Q66RDT3XYNIJHKJCDBPOD5NLMFNBSWA""]",SUCCESS,
bc5f6087-b033-4fa1-bb96-fb053c0178e9,T-REX,6000,18000,24000,6,16,22,4.472,4.274,13.775,2026-09-15T06:13:56.752891+00:00,2026-09-15T06:14:10.527772+00:00,67320422,67320425,"[""MOPORPT7F7JUBIACEL4JKWKVFUGPAKZAATJBTCRI4TPAHI3C2G7Q"", ""QBE4MV67SNVMXOZMBVJD7LBQF7GKWXCH66NK6LT5FQ5RT43WDOCQ""]",SUCCESS,
a70a3642-438e-45a6-9c2b-0703f15b73b9,Direct,0,1000,1000,0,1,1,0.0,3.813,3.813,2026-09-15T06:14:14.539061+00:00,2026-09-15T06:14:18.352256+00:00,67320428,67320428,"[""KUEGWPNBYZKVVLGTBKMSL25Y5DVBDI6ZLGP3RQ6D4Y6SDCW6JZ2Q""]",SUCCESS,
081662de-2648-42c1-aa84-3afd0aba0b43,Naive,3000,2000,5000,2,1,3,4.67,5.142,10.026,2026-09-15T06:14:22.101489+00:00,2026-09-15T06:14:32.127606+00:00,67320431,67320433,"[""LOF527XS76AGX2YLTG4XIVQAUXWBZOJTBXZI5BVI7VBZ2YKX2WHA"", ""XQ2QYKYSSXMYKTTI4JSEXG6OFGSUZFJ4SWD5YTXFHVTX6CSQYH2Q""]",SUCCESS,
f532003e-e5e8-4e6a-b5f0-83aa2057e13d,T-REX,6000,18000,24000,6,16,22,6.87,4.077,15.774,2026-09-15T06:14:34.866295+00:00,2026-09-15T06:14:50.640634+00:00,67320437,67320440,"[""UMRS4GBPU42GOAH6OIODVACN673Q64IPJ3OB2KLSNIHAL56VQ2VA"", ""XCZODJIMDT6XM3IVYYXCKISPXPYPB43R5E7BT3TXAYLEP3V4OZRQ""]",SUCCESS,
e95c75e8-c36e-4682-8647-49344b3bde5b,Direct,0,1000,1000,0,1,1,0.0,5.84,5.84,2026-09-15T06:14:52.972664+00:00,2026-09-15T06:14:58.813212+00:00,67320443,67320443,"[""7IJLN4VQHXM37NEVNJ4JSQAVZKID6CROO5NDRNSRMHJXWGAURDMQ""]",SUCCESS,
18a432d3-e3a9-4f4c-a25d-61e6a830bc93,Naive,3000,2000,5000,2,1,3,5.347,5.133,10.712,2026-09-15T06:15:01.887083+00:00,2026-09-15T06:15:12.599274+00:00,67320446,67320448,"[""D65GZNK3JSGTDVYCC6DSRPLWZWUX6FYEK62UHZ6MW76AS4CWJZOQ"", ""UEHUP6Y3SJVTJOTLLW7KZDL7LS3O4HRBJ37U2VJZ5FTMWSWEPT3Q""]",SUCCESS,
6f1f168d-2911-43ae-8f23-64ebd24d6c29,T-REX,6000,18000,24000,6,16,22,5.944,4.286,15.24,2026-09-15T06:15:16.188306+00:00,2026-09-15T06:15:31.428644+00:00,67320452,67320455,"[""BDYBLF4MCQ6NU633QAVDWQ5JP5SMDKBZOE543HTOVZNGFBSEBR5Q"", ""ZKZPJSXCMSCK3VTRIKVQCIB42G2WNFD6EC3KJMJWAKD3ZTAH2DQA""]",SUCCESS,
1c6af91c-e870-4da7-b8a2-c6bca3a8b34e,Direct,0,1000,1000,0,1,1,0.0,6.066,6.066,2026-09-15T06:15:36.300019+00:00,2026-09-15T06:15:42.365630+00:00,67320459,67320459,"[""D3ZKIEYLX3EKEJEGSILE5WNZBCDOYNSS4VYKLSH7LN4STIRXJV5A""]",SUCCESS,
182680ad-fcee-44f7-943f-85973fb474a4,Naive,3000,2000,5000,2,1,3,5.601,5.105,10.934,2026-09-15T06:15:44.767847+00:00,2026-09-15T06:15:55.702350+00:00,67320462,67320464,"[""D4COM7X3K37FFMZABPMUSC6TALWR37FIX4Z7TQCL73I7DDYLY6DA"", ""46EA2VSJXS3TKGUNOTGDJZHMC6THRXCYME5ALKZXHCVMIWF7KRUQ""]",SUCCESS,
0af087bf-bf63-4721-939b-2940df075506,T-REX,6000,18000,24000,6,16,22,6.085,4.175,15.505,2026-09-15T06:15:59.333472+00:00,2026-09-15T06:16:14.838022+00:00,67320468,67320471,"[""JDO7B2YJ5FN4FDKQ7WLLHO44LF3K5JAWYV7XPH2HSHXSM4KU3ROA"", ""BLP6WQLZ35XWMJEZCR2JNYKBVDSOYZUQMNB6HZV2M75OXUOMWVRA""]",SUCCESS,
1342f0bc-a775-4ce5-96f3-2bc94750313f,Direct,0,1000,1000,0,1,1,0.0,5.19,5.19,2026-09-15T06:16:17.330690+00:00,2026-09-15T06:16:22.520329+00:00,67320474,67320474,"[""KKSSJGPJPMU5HR2HIJHPIOXDLO5JDQQBQZUII2QL53S7EEFPZDXQ""]",SUCCESS,
3879b07a-f478-4d00-8534-c633652e630e,Naive,3000,2000,5000,2,1,3,5.972,5.15,11.34,2026-09-15T06:16:24.882270+00:00,2026-09-15T06:16:36.221916+00:00,67320477,67320479,"[""2BDVVDR444DWZTA2TUUQOQTGNGLP7NJDNHZ3SYAWM363Z6SSLOMA"", ""DXN6VIIGUSCTJ3ZAIN66CWEIOI4LCIIN5ZXBDOSN6IFAOFQ73C6Q""]",SUCCESS,
9881625e-296e-45ba-98df-cd3b3277afbd,T-REX,6000,18000,24000,6,16,22,5.469,4.242,14.842,2026-09-15T06:16:40.339020+00:00,2026-09-15T06:16:55.181399+00:00,67320483,67320486,"[""QJIYXFUH3BZGM2UDWOMVJEAO7DRGQQIKPNIQEVQP6C5KXE6K36XA"", ""QXA5MGD7PEV4UV2U4VU76KLVKVMTL7JTAYFC2N7O2WC7LMXS2CWQ""]",SUCCESS,
d3d87290-e95d-47fb-b264-cf7936ddea20,Direct,0,1000,1000,0,1,1,0.0,5.215,5.215,2026-09-15T06:22:15.074313+00:00,2026-09-15T06:22:20.289519+00:00,67320607,67320607,"[""O4UA7RWTIYWNM33VNUHZDCUDB7VOZ6NTGRV5QI5NDJ2XQZZ7VFBA""]",SUCCESS,
11451db7-a281-45c1-80f4-7ab809a72c69,Naive,3000,2000,5000,2,1,3,4.751,5.192,10.175,2026-09-15T06:17:01.240887+00:00,2026-09-15T06:17:11.415683+00:00,67320490,67320492,"[""TG4FWUQ7HCMR675CTZAIJNLESZJYSQ4E6L6BRBPPMPAHOACSPG7Q"", ""L3LT2IR2ZOXKMOC66EKJOO722QHJJZ6LSCVR2JE25S7QZIGGV5TA""]",SUCCESS,
958ae094-7d3c-4669-8433-86fe82e2ba82,T-REX,6000,18000,24000,6,16,22,5.267,4.179,14.518,2026-09-15T06:17:15.650168+00:00,2026-09-15T06:17:30.167801+00:00,67320496,67320499,"[""TWM6NHHUFMBHYVNWFED4VVWXA7LU63SZXXQJTZ2RGHHQZVQDCYSQ"", ""CFQ3TJWS7RJGBJQ5CLOX3T4BGY74LELD3ZWU55DPNUXLEG5HJAWQ""]",SUCCESS,
659e0546-b70e-4a09-9439-e24eb34cae52,Direct,0,1000,1000,0,1,1,0.0,5.191,5.191,2026-09-15T06:22:23.290076+00:00,2026-09-15T06:22:28.481430+00:00,67320610,67320610,"[""WXIO7HVP7D6X5Y5JV5PVDWNMYQDLSILLP7XEXF3YJIKAIDGAJWNA""]",SUCCESS,
97a87fb1-401c-4678-835a-b9646206dc4a,Naive,3000,2000,5000,2,1,3,5.28,5.227,10.724,2026-09-15T06:17:38.429290+00:00,2026-09-15T06:17:49.153571+00:00,67320504,67320506,"[""PIZN6D7Q2BFMQDIOIKH42MBHJJUCLEM3ZDV3YMH6WIL3P4BZN4EA"", ""AMEWFH36JW5G36MG4O6CM6TQGKDFZDJGF3ZH4WOJU63MPB5L4GGA""]",SUCCESS,
81cd43cc-97e7-49ff-be9a-2b31260cd828,T-REX,6000,18000,24000,6,16,22,4.768,4.215,14.131,2026-09-15T06:17:53.896831+00:00,2026-09-15T06:18:08.027758+00:00,67320510,67320513,"[""73QGQBU7ITD24QTHYGNE6YTXBU5PZCMI5UMLXVFICQ2AOWZJKQCA"", ""EIYOHW6HU74QXBQPYDEEPJMJKURDSDSN5R3K7FNOKYJNP5F4ZOZA""]",SUCCESS,
587bc0cf-a3ab-47d5-929b-3a7b67114d08,Direct,0,1000,1000,0,1,1,0.0,5.121,5.121,2026-09-15T06:22:31.482273+00:00,2026-09-15T06:22:36.603267+00:00,67320613,67320613,"[""ML67V66PYZCWEZQUL5UU7L2KLKRD2HTJDCZZTL6UGIHTPGSZ53WA""]",SUCCESS,
5677629b-83b7-4459-82dc-a77f90c7626c,Naive,3000,2000,5000,2,1,3,5.639,5.106,10.981,2026-09-15T06:18:15.824820+00:00,2026-09-15T06:18:26.806390+00:00,67320518,67320520,"[""XFYLK63VN35UVEJKHZVZNCDNFPIWEOY2SOFPLKS26C6VGLWDIFLA"", ""G2EPRTS3Z7VU52TVKPUHJLTIUMDAPPMWQR4JEGU5CQI53TIUTYPA""]",SUCCESS,
d45eeaf9-5bc3-4ffb-8acf-c30a856b9fc8,T-REX,6000,18000,24000,6,16,22,5.771,4.213,14.89,2026-09-15T06:18:30.593811+00:00,2026-09-15T06:18:45.483524+00:00,67320524,67320527,"[""Q4OC7DBFJ6IEV4G3HQ3RNR2PBFUW6D6TBQKVNBSS3OTNJX5MB55Q"", ""GZ3BJUPFAR3XLRRJRSGUPW4YCM6WF7OOQ5X3523GWOHOQVRD7ATA""]",SUCCESS,
79e78a6c-40f2-4846-a05e-15459c11c878,Direct,0,1000,1000,0,1,1,0.0,4.53,4.53,2026-09-15T06:22:39.603740+00:00,2026-09-15T06:22:44.133450+00:00,67320616,67320616,"[""E3KW5N7OOONE3JKVRH44SVCGRFANTFGC5PJKIQKOTYUVLOFOM7PQ""]",SUCCESS,
2e9d879b-9ef9-408d-8787-a6f35c15ed32,Naive,3000,2000,5000,2,1,3,6.931,5.119,12.279,2026-09-15T06:18:52.293020+00:00,2026-09-15T06:19:04.571618+00:00,67320532,67320534,"[""SVDYAA3NYGNTQY5CVXQ22XGSZI7T6QPHEBK7U3PPZYYEK7ZZE2FQ"", ""BDGEG6L5JMNSN4Y53QPTPYYNFF5VJKO4NZSOORW6B723KAVK33SQ""]",SUCCESS,
ed4cb5a5-acfb-406e-b63a-ae7b498d434c,T-REX,6000,18000,24000,6,16,22,6.153,4.27,15.409,2026-09-15T06:19:07.929274+00:00,2026-09-15T06:19:23.338199+00:00,67320538,67320541,"[""B4CLCZ5DUGO6NGW2IE7WYPR2JWOPJ2GCKXXIUWBOVBDK7GAWYUVQ"", ""VDRJLTETNIJ5XSXXYQGO4TMESEU7AJKA6BDVI3LUPIPYRBF3IWQQ""]",SUCCESS,
