session_id,nonce,buyer,seller,app_id,scenario,auth_txid,term_txid,final_state,final_round,auth_latency_s,term_latency_s,e2e_latency_s,auth_outer_txns,term_outer_txns,term_inner_txns,auth_fee_microalgo,term_fee_microalgo,session_total_fee_microalgo,invariant_violations,spent_marker_present
11,16564100373930702021,42CIA4I5Z7VAX4SON5WN7HL7KLY6MUTZR7N27UHBEM3MY5LGLMZRLPTBPI,W75SYX3EE7JC34PC5MMAYG3EVHO3IDEBGQQRFRIEHNLIZNLRQTCB5TUYZY,772170811,Normal Settle,ODHDLJDL353UNNOO2OJ5URR6A73HUSB74SZG5QRUD4GIZH547E2A,SMXPLLQCNPXFJR6E3NPULL4U3J7R4B3PQ7D3XLHQKY2Y53S73IMA,RELEASED,67579499,6.752,4.888,12.125,6,16,2,6000,18000,24000,0,True
12,11411763046072892505,42CIA4I5Z7VAX4SON5WN7HL7KLY6MUTZR7N27UHBEM3MY5LGLMZRLPTBPI,W75SYX3EE7JC34PC5MMAYG3EVHO3IDEBGQQRFRIEHNLIZNLRQTCB5TUYZY,772170811,Normal Settle,NQOQPGTKSE3W4KKGTCWV2O75WRKJ5DF665H7MV6OLQKARU7I6IYQ,LDFEWDPDFU6I4B2WJERYWAS4ACWZG7MFRCSH4MMQ6FCP7SKFNSQQ,RELEASED,67579503,4.469,4.955,9.904,6,16,2,6000,18000,24000,0,True
13,12947987408675772913,42CIA4I5Z7VAX4SON5WN7HL7KLY6MUTZR7N27UHBEM3MY5LGLMZRLPTBPI,W75SYX3EE7JC34PC5MMAYG3EVHO3IDEBGQQRFRIEHNLIZNLRQTCB5TUYZY,772170811,Normal Settle,TLMNGTP7KKVIHY4AJKDJ2JGPGK5ZDG2H3WCVYMIXAP3PHK57WULQ,PG4N3CQXSPMRYBOHN6H4D4KADG6FBBTGUHSRJFIBBLMWQPA3UULA,RELEASED,67579507,4.483,4.963,9.891,6,16,2,6000,18000,24000,0,True
14,3921299721417175758,42CIA4I5Z7VAX4SON5WN7HL7KLY6MUTZR7N27UHBEM3MY5LGLMZRLPTBPI,W75SYX3EE7JC34PC5MMAYG3EVHO3IDEBGQQRFRIEHNLIZNLRQTCB5TUYZY,772170811,Normal Settle,5LQN3ALHU33NOH2KA75PWVZGXXM7O7UPDPF3WCK4RXPH3JXJSPTA,ZQAHGS2EI6L3ALWPWD5GNLKENVOQ6NSRCLEE4WS6KKC6YUGYHALQ,RELEASED,67579511,4.378,4.872,9.78,6,16,2,6000,18000,24000,0,True
15,39747273914374761,42CIA4I5Z7VAX4SON5WN7HL7KLY6MUTZR7N27UHBEM3MY5LGLMZRLPTBPI,W75SYX3EE7JC34PC5MMAYG3EVHO3IDEBGQQRFRIEHNLIZNLRQTCB5TUYZY,772170811,Normal Settle,SMJSCYMWUGR7ITUNCXFCRCGVDLDMIX4QS2AOEPUFPGUJ334FMWWA,72NGYYCW4L24KK3WM2W2RIS5M7KBJOSJLHZSDAXVJJQQE4FTWMGA,RELEASED,67579515,4.534,4.923,9.942,6,16,2,6000,18000,24000,0,True
16,1357199680598981844,42CIA4I5Z7VAX4SON5WN7HL7KLY6MUTZR7N27UHBEM3MY5LGLMZRLPTBPI,W75SYX3EE7JC34PC5MMAYG3EVHO3IDEBGQQRFRIEHNLIZNLRQTCB5TUYZY,772170811,Normal Settle,GKFVFTR2NCLYSFBLMOOWNSRORUYNEC6ZFYDROVNP4TXSURCJX32Q,NE37V7OI2IUQDHGOQXOVBCTRTRK6WZIEPNSIHGQ2XQAYUOPHRCBQ,RELEASED,67579519,4.512,4.864,9.857,6,16,2,6000,18000,24000,0,True
17,12657231815107601641,42CIA4I5Z7VAX4SON5WN7HL7KLY6MUTZR7N27UHBEM3MY5LGLMZRLPTBPI,W75SYX3EE7JC34PC5MMAYG3EVHO3IDEBGQQRFRIEHNLIZNLRQTCB5TUYZY,772170811,Normal Settle,24K5VDZNK7ZN23HKMGVHLWQFBKMOYSJ3WBUB3ADIZ3WNE46CUYJQ,GVDIWMS2KLJFGXZXDTA3RODLL6EY46IF2LQJKRFULTTQCUVP2N2A,RELEASED,67579523,4.424,4.96,9.832,6,16,2,6000,18000,24000,0,True
18,2063373451998902416,42CIA4I5Z7VAX4SON5WN7HL7KLY6MUTZR7N27UHBEM3MY5LGLMZRLPTBPI,W75SYX3EE7JC34PC5MMAYG3EVHO3IDEBGQQRFRIEHNLIZNLRQTCB5TUYZY,772170811,Normal Settle,COJNP5MPYN5QOC7EIC2V2W3LIYETHFDRIO2AU6CGIBXQWELJEXUQ,AKGYT4VAH4R5SYV7RQW6E4O6ZL2VJ2P4IGOQ6XT6FHXY4XIW75CQ,RELEASED,67579527,4.525,4.938,9.896,6,16,2,6000,18000,24000,0,True
19,8467062580629851667,42CIA4I5Z7VAX4SON5WN7HL7KLY6MUTZR7N27UHBEM3MY5LGLMZRLPTBPI,W75SYX3EE7JC34PC5MMAYG3EVHO3IDEBGQQRFRIEHNLIZNLRQTCB5TUYZY,772170811,Normal Settle,XYT35FS6ZAYESTDSX4FNOCXL6E6MIPMHECWFSVGSDXNN3D547B4Q,N7ZA7NIJPEJR7Q5X66HTJWEKBQR5I3WOGHJFAE3HTK3RRR5XKEKA,RELEASED,67579531,4.576,4.926,9.954,6,16,2,6000,18000,24000,0,True
20,8982641726210602394,42CIA4I5Z7VAX4SON5WN7HL7KLY6MUTZR7N27UHBEM3MY5LGLMZRLPTBPI,W75SYX3EE7JC34PC5MMAYG3EVHO3IDEBGQQRFRIEHNLIZNLRQTCB5TUYZY,772170811,Normal Settle,3C54JK6ETHXHZUUFMOC63U5AJTRTGIEJCIBRF6RQZHSRWOCKBMAQ,3NIH6KNXFAJFFAF5LLN6Y5BT7AHHOGGKE2SSH37IRGVUW76J6AGQ,RELEASED,67579535,4.545,4.9,9.948,6,16,2,6000,18000,24000,0,True
21,9572193881990442199,42CIA4I5Z7VAX4SON5WN7HL7KLY6MUTZR7N27UHBEM3MY5LGLMZRLPTBPI,W75SYX3EE7JC34PC5MMAYG3EVHO3IDEBGQQRFRIEHNLIZNLRQTCB5TUYZY,772170811,Normal Settle,NCM2TZ5BSZGVW5ZDOYS2WRYQTJTBOBMM74XRHWBJ7CPADVN67MWQ,YAFKHSLW622LCUHYBEDJYD36CYXBHMEQAKEPWAGWFIWCSTVE3MLQ,RELEASED,67579539,4.501,4.976,9.958,6,16,2,6000,18000,24000,0,True
22,17603274851736298716,42CIA4I5Z7VAX4SON5WN7HL7KLY6MUTZR7N27UHBEM3MY5LGLMZRLPTBPI,W75SYX3EE7JC34PC5MMAYG3EVHO3IDEBGQQRFRIEHNLIZNLRQTCB5TUYZY,772170811,Normal Settle,ZUDLRDZXYNOT2JHVQE3NDEYGVXZDFPNU5DR7P7IF5MAHAC34Z4BQ,5E6JBPNPUG2L4FOMLOOP4OOVFD3U6EXP6Z67K62QS36U6E3UHAHQ,RELEASED,67579543,4.505,4.962,9.911,6,16,2,6000,18000,24000,0,True
23,4906919318090531274,42CIA4I5Z7VAX4SON5WN7HL7KLY6MUTZR7N27UHBEM3MY5LGLMZRLPTBPI,W75SYX3EE7JC34PC5MMAYG3EVHO3IDEBGQQRFRIEHNLIZNLRQTCB5TUYZY,772170811,Normal Settle,HG6RGPXP24B3QIACVVRI2THNQVEHQFFZDKC7OLNXKSHI3XQ5MB7Q,LHLFH6BA343BVSI3CBHFNLBJWDTOSZNX57QH3D2G6FHFUCYERRKQ,RELEASED,67579547,4.398,4.932,9.83,6,16,2,6000,18000,24000,0,True
24,9148774016581655821,42CIA4I5Z7VAX4SON5WN7HL7KLY6MUTZR7N27UHBEM3MY5LGLMZRLPTBPI,W75SYX3EE7JC34PC5MMAYG3EVHO3IDEBGQQRFRIEHNLIZNLRQTCB5TUYZY,772170811,Normal Settle,WTPW42DJDZS6QB4XVHO7WMTRYJBOI2QULWUXTWNIXZBCKNSAHVVQ,ZVXGMACKXVKN6NKBRERIKRZRDXHF72I6TLMTQNJ6PS2XFG5PFZ5Q,RELEASED,67579551,4.375,4.948,9.827,6,16,2,6000,18000,24000,0,True
25,15463485808056173354,42CIA4I5Z7VAX4SON5WN7HL7KLY6MUTZR7N27UHBEM3MY5LGLMZRLPTBPI,W75SYX3EE7JC34PC5MMAYG3EVHO3IDEBGQQRFRIEHNLIZNLRQTCB5TUYZY,772170811,Normal Settle,CWQCD53DBJTRBF6AMYLBJXVSFXYNLVB4JLUNYJREOE2SN4SD3BYQ,KBEVRFEPG22EWY7N2JE2RAS2QTRJAHOLDKFYHAJKP4WIIAKE2SKA,RELEASED,67579555,4.514,4.909,9.921,6,16,2,6000,18000,24000,0,True
26,9739611235670462702,42CIA4I5Z7VAX4SON5WN7HL7KLY6MUTZR7N27UHBEM3MY5LGLMZRLPTBPI,W75SYX3EE7JC34PC5MMAYG3EVHO3IDEBGQQRFRIEHNLIZNLRQTCB5TUYZY,772170811,Normal Settle,GWXQ3HXA2IX7J4WMXMCCCRBKDKQJ3GEQJ5DWBUDCSTVBNXEXBCAA,CJIOKTXWKJG3PHVSBP73BORBVVDYVM5WENOLDFAQVUW2XNCOZAYA,RELEASED,67579559,4.437,4.973,9.888,6,16,2,6000,18000,24000,0,True
27,15977081737172666105,42CIA4I5Z7VAX4SON5WN7HL7KLY6MUTZR7N27UHBEM3MY5LGLMZRLPTBPI,W75SYX3EE7JC34PC5MMAYG3EVHO3IDEBGQQRFRIEHNLIZNLRQTCB5TUYZY,772170811,Normal Settle,RFZNVJNTR444CMZBMWMKE4VFEKYZKIQN5GK75LKJWRKLKW7TE6PA,YUDRKC4UBXK7KSDEAPPV5BEZ4D57GH6J7P4RYXRAP7PT26WQCAKQ,RELEASED,67579563,4.487,4.914,9.905,6,16,2,6000,18000,24000,0,True
28,16359307902456118155,42CIA4I5Z7VAX4SON5WN7HL7KLY6MUTZR7N27UHBEM3MY5LGLMZRLPTBPI,W75SYX3EE7JC34PC5MMAYG3EVHO3IDEBGQQRFRIEHNLIZNLRQTCB5TUYZY,772170811,Normal Settle,42OEABHOT35IGWAAURHTKD3ICVTBGOTGO7J5FBRD4C3SK4DQEVJQ,GIHABENLMESBBN4AVW6MAOEXAE6AH7PZULMQJ4LPYNIJ5UV5H6UA,RELEASED,67579567,4.453,4.852,9.807,6,16,2,6000,18000,24000,0,True
29,11373008756378119797,42CIA4I5Z7VAX4SON5WN7HL7KLY6MUTZR7N27UHBEM3MY5LGLMZRLPTBPI,W75SYX3EE7JC34PC5MMAYG3EVHO3IDEBGQQRFRIEHNLIZNLRQTCB5TUYZY,772170811,Normal Settle,REDSEVMSRS4WLSBN7QHPCAOQLESZZMVZM4IZCR4FVKNUBUZLO2YQ,WCTK6HIW456GYQRIKYCUT7MLPZG5Q77QJMXNYLBTKNYIC66YKUPA,RELEASED,67579571,4.445,4.906,9.797,6,16,2,6000,18000,24000,0,True
30,3005956544125184469,42CIA4I5Z7VAX4SON5WN7HL7KLY6MUTZR7N27UHBEM3MY5LGLMZRLPTBPI,W75SYX3EE7JC34PC5MMAYG3EVHO3IDEBGQQRFRIEHNLIZNLRQTCB5TUYZY,772170811,Normal Settle,QLLWFDMEBCKXSAIZZWLFT6QEMMHBITNVECLNZ2SCRJH3BAZXJUNQ,NIRRW6W272IOMZ5V5XPIH4A5SSLZ5D7M7WJPP46DUBSHF5AVDZRQ,RELEASED,67579575,4.528,4.955,9.962,6,16,2,6000,18000,24000,0,True
31,5397587993072322294,42CIA4I5Z7VAX4SON5WN7HL7KLY6MUTZR7N27UHBEM3MY5LGLMZRLPTBPI,W75SYX3EE7JC34PC5MMAYG3EVHO3IDEBGQQRFRIEHNLIZNLRQTCB5TUYZY,772170811,Normal Settle,4OFBM3AS4J6BBYOEIMROZG4WLPUCRILMIFTLXTLGABWPQAZ6W4AA,6AKVHNNMILJ7UUUZ4VW2D7UMWTKVZLGC2CNMR4FAYZW6KZ6KPFEA,RELEASED,67579579,4.43,4.902,9.791,6,16,2,6000,18000,24000,0,True
32,12848777744839470654,42CIA4I5Z7VAX4SON5WN7HL7KLY6MUTZR7N27UHBEM3MY5LGLMZRLPTBPI,W75SYX3EE7JC34PC5MMAYG3EVHO3IDEBGQQRFRIEHNLIZNLRQTCB5TUYZY,772170811,Normal Settle,546UXWHLCMX4QQX6M6Q5GVW3O6DEMUPHPUJI6OVGCL6Q74WMMDWQ,KEOJD5CQDSGC5J7CNHXJPDUCFQ6YRNFCS3MOH2DOZVEU3KUAMEKQ,RELEASED,67579583,4.46,4.906,9.839,6,16,2,6000,18000,24000,0,True
33,12422793972461536548,42CIA4I5Z7VAX4SON5WN7HL7KLY6MUTZR7N27UHBEM3MY5LGLMZRLPTBPI,W75SYX3EE7JC34PC5MMAYG3EVHO3IDEBGQQRFRIEHNLIZNLRQTCB5TUYZY,772170811,Normal Settle,XKUFNQCAC3CDKFBLD5K3CV5IUCGYBPAOYTJVCAZJCOE37KT3VNHA,RNHWTJ57AKPFXUJGFIX6IYVAEHZWDLQGQ6XFLXFSMEXJGEQ7JY6Q,RELEASED,67579587,4.533,4.832,9.857,6,16,2,6000,18000,24000,0,True
34,5737589253987767053,42CIA4I5Z7VAX4SON5WN7HL7KLY6MUTZR7N27UHBEM3MY5LGLMZRLPTBPI,W75SYX3EE7JC34PC5MMAYG3EVHO3IDEBGQQRFRIEHNLIZNLRQTCB5TUYZY,772170811,Normal Settle,ACOPRYFOAH4QUL6HJEZ24MBF6KQIR5BBELW4R7LSPFNDFEPHAP7A,6QJVWQKXSDOIFGS4QZELJ7PIT3FVDEIXQTOW3TQSXAXIBIYYEPEQ,RELEASED,67579591,4.481,4.904,9.884,6,16,2,6000,18000,24000,0,True
35,6729740598287112625,42CIA4I5Z7VAX4SON5WN7HL7KLY6MUTZR7N27UHBEM3MY5LGLMZRLPTBPI,W75SYX3EE7JC34PC5MMAYG3EVHO3IDEBGQQRFRIEHNLIZNLRQTCB5TUYZY,772170811,Normal Settle,NOCBDXOVB6G7T5EUE3NNHJMADDUFQALLOHDN5TOI25OPKP2H373Q,PPGB2WOYCWUIHXLWDRQSYOP5FXI2DAJ5S4IBZDZAUZPYQY44TY3A,RELEASED,67579595,4.494,4.803,9.805,6,16,2,6000,18000,24000,0,True
36,3934534884456804912,42CIA4I5Z7VAX4SON5WN7HL7KLY6MUTZR7N27UHBEM3MY5LGLMZRLPTBPI,W75SYX3EE7JC34PC5MMAYG3EVHO3IDEBGQQRFRIEHNLIZNLRQTCB5TUYZY,772170811,Normal Settle,GQXWUAZBH2LGVMDDFS7BNUWSUFXGHPZBZGRJIADWB3CWKITCTKAQ,2XHGZI2ISZ2C3T664GZRGVCCBLN3HWJIGQVBGXXHU24AYJBJE34A,RELEASED,67579599,4.282,4.83,9.62,6,16,2,6000,18000,24000,0,True
37,3276961572309800293,42CIA4I5Z7VAX4SON5WN7HL7KLY6MUTZR7N27UHBEM3MY5LGLMZRLPTBPI,W75SYX3EE7JC34PC5MMAYG3EVHO3IDEBGQQRFRIEHNLIZNLRQTCB5TUYZY,772170811,Normal Settle,ZK433QH7I7KNB4OD2LQV4IHAHR4PEMSAWWQMKOBIPKD3XMNAPOWQ,N74I3FFJEFJP2353RBWVRGPUU47HJ2SHMHIZ4RG6RPORMW3EFDBA,RELEASED,67579603,4.315,4.884,9.642,6,16,2,6000,18000,24000,0,True
38,7602788014948390861,42CIA4I5Z7VAX4SON5WN7HL7KLY6MUTZR7N27UHBEM3MY5LGLMZRLPTBPI,W75SYX3EE7JC34PC5MMAYG3EVHO3IDEBGQQRFRIEHNLIZNLRQTCB5TUYZY,772170811,Normal Settle,ZHZ4HHBX2IMIMVHERUBQOG3TX4MRMKHLHRC3ONDLY4RLPKHHC34A,W2IGXPV43IK6LYZ5YJDDOBT6RCJ3KREUJHBQJTVBK72O4MKQXG3Q,RELEASED,67579607,4.409,4.901,9.716,6,16,2,6000,18000,24000,0,True
39,12646800024112784968,42CIA4I5Z7VAX4SON5WN7HL7KLY6MUTZR7N27UHBEM3MY5LGLMZRLPTBPI,W75SYX3EE7JC34PC5MMAYG3EVHO3IDEBGQQRFRIEHNLIZNLRQTCB5TUYZY,772170811,Normal Settle,6RCFHMGVOUE27UYX4CFI6JS6ANUEAHUZKDNOE6KI6NOGJW6YKUAA,HUA6INMFTB4PDBSNPHZ5TEWQ73257ZXCCVEZAYXNIURM3S4BY7QA,RELEASED,67579611,4.274,4.884,9.624,6,16,2,6000,18000,24000,0,True
40,9430425849930050852,42CIA4I5Z7VAX4SON5WN7HL7KLY6MUTZR7N27UHBEM3MY5LGLMZRLPTBPI,W75SYX3EE7JC34PC5MMAYG3EVHO3IDEBGQQRFRIEHNLIZNLRQTCB5TUYZY,772170811,Normal Settle,NJ543EYLUSTOQTHSBLXON345ZT7Q5NA7NTFC2QK7QIW7PQTQ6UKA,GOKZSYSS6EEGNP44SMJKL2NTVPNAY7VJTORIFEGCRNYSLNAANIOA,RELEASED,67579615,4.401,4.874,9.727,6,16,2,6000,18000,24000,0,True
41,13518968863903549776,42CIA4I5Z7VAX4SON5WN7HL7KLY6MUTZR7N27UHBEM3MY5LGLMZRLPTBPI,W75SYX3EE7JC34PC5MMAYG3EVHO3IDEBGQQRFRIEHNLIZNLRQTCB5TUYZY,772170811,Normal Settle,AAY4BIZSI4FW5ZAC7IJOTNOJQE54XWQPFHB45W5R3WOQTP56XHFQ,S6N4LV76ORP2GUEKHZFH6KKOBGVYYVROTKKO3EWCNYCJ2Z5VRMHA,RELEASED,67579619,4.462,4.871,9.787,6,16,2,6000,18000,24000,0,True
42,3746489970365465775,42CIA4I5Z7VAX4SON5WN7HL7KLY6MUTZR7N27UHBEM3MY5LGLMZRLPTBPI,W75SYX3EE7JC34PC5MMAYG3EVHO3IDEBGQQRFRIEHNLIZNLRQTCB5TUYZY,772170811,Normal Settle,KD6GUVQ3QUUSCZE4PIC4QDAOLBRWK5ZE4KFVFUQXQIZHTOMVYOWQ,ZHQZ43NQJ7D6M7IL3BPUZHZHTBTMY2WPCNTRSVVOXYHC3KKS5GQQ,RELEASED,67579623,4.447,4.915,9.825,6,16,2,6000,18000,24000,0,True
43,4586149357620009987,42CIA4I5Z7VAX4SON5WN7HL7KLY6MUTZR7N27UHBEM3MY5LGLMZRLPTBPI,W75SYX3EE7JC34PC5MMAYG3EVHO3IDEBGQQRFRIEHNLIZNLRQTCB5TUYZY,772170811,Normal Settle,3CAIFMEVBIA6KGJVOXYPNXH4KLAYUZQCZYMLM5SFZ7GFNV3LSEZQ,6OIV7TYB3KXL2W35GDRLAAUWLDLMOYSMDC264PHBER5RO5OODZRA,RELEASED,67579627,4.343,4.792,9.639,6,16,2,6000,18000,24000,0,True
44,7274747637826657842,42CIA4I5Z7VAX4SON5WN7HL7KLY6MUTZR7N27UHBEM3MY5LGLMZRLPTBPI,W75SYX3EE7JC34PC5MMAYG3EVHO3IDEBGQQRFRIEHNLIZNLRQTCB5TUYZY,772170811,Normal Settle,YSRU5DK5NK7GLJOX7D3Z66QZIW73FXOFC65H3T5DYQAPUEBWMPEQ,BG7OTSJXXZQPFM7FE5PPNOLB5G4ARY7CGBJFIAH2E46HV5H6MHJQ,RELEASED,67579631,4.531,4.768,9.772,6,16,2,6000,18000,24000,0,True
45,13659323127636448487,42CIA4I5Z7VAX4SON5WN7HL7KLY6MUTZR7N27UHBEM3MY5LGLMZRLPTBPI,W75SYX3EE7JC34PC5MMAYG3EVHO3IDEBGQQRFRIEHNLIZNLRQTCB5TUYZY,772170811,Normal Settle,MLI5Z6NCTRQNBOGXIEDHOMYLWBQT3R7M2BTYZH5DHOQG4LP2XJQA,EZAELEGBE2NND4WXYDOZMJ3GLIJKXNCX5ZQQIZNQI3OTQHALR7DA,RELEASED,67579635,4.424,4.889,9.795,6,16,2,6000,18000,24000,0,True
46,9864249182011480492,42CIA4I5Z7VAX4SON5WN7HL7KLY6MUTZR7N27UHBEM3MY5LGLMZRLPTBPI,W75SYX3EE7JC34PC5MMAYG3EVHO3IDEBGQQRFRIEHNLIZNLRQTCB5TUYZY,772170811,Normal Settle,CO2HVSAZBPTOBQ76XQGHKLOH5JZHVEDHUPX6Z5XDGPXYI4XGBRFQ,MJCXYADUE32PI6R2QYILGSVUU7SEXXEHIGB26NGXICYTJGVFE6WA,RELEASED,67579639,4.435,4.898,9.779,6,16,2,6000,18000,24000,0,True
47,16561408704745245091,42CIA4I5Z7VAX4SON5WN7HL7KLY6MUTZR7N27UHBEM3MY5LGLMZRLPTBPI,W75SYX3EE7JC34PC5MMAYG3EVHO3IDEBGQQRFRIEHNLIZNLRQTCB5TUYZY,772170811,Normal Settle,6VMXF54BYXENACMGOBWFGLTUHLWYTMVHJAWNSFJD7XQT36QPHCBA,BVFYKTJIBPQL46D6OLHAVBIAWXPOA7T6M33GUCRR4KRTW3H5Q4JQ,RELEASED,67579643,4.359,4.867,9.704,6,16,2,6000,18000,24000,0,True
48,17730602384171067867,42CIA4I5Z7VAX4SON5WN7HL7KLY6MUTZR7N27UHBEM3MY5LGLMZRLPTBPI,W75SYX3EE7JC34PC5MMAYG3EVHO3IDEBGQQRFRIEHNLIZNLRQTCB5TUYZY,772170811,Normal Settle,MAC7ZWZB4OE63E6QNOO2WKZQ34QO34JMCVWLGL2NPXT7ICREV64Q,EWYLXGYP7AVOZXL2SLEH3AWU2I3Z6TSSTDIMD43E5MLOBJ7I2KHQ,RELEASED,67579647,4.443,4.855,9.788,6,16,2,6000,18000,24000,0,True
49,3974443131577239154,42CIA4I5Z7VAX4SON5WN7HL7KLY6MUTZR7N27UHBEM3MY5LGLMZRLPTBPI,W75SYX3EE7JC34PC5MMAYG3EVHO3IDEBGQQRFRIEHNLIZNLRQTCB5TUYZY,772170811,Normal Settle,MATGNNC7JOUOG5PAP3V5U6AEIWCDVYIWAXULKV2RAOHWXI25TAZQ,LHVZXPK5QBAFKOBV6WBYAL4GSY4WKJBUWKTZWCADQCWJCXWW765A,RELEASED,67579651,4.363,4.921,9.738,6,16,2,6000,18000,24000,0,True
50,9006862732568196053,42CIA4I5Z7VAX4SON5WN7HL7KLY6MUTZR7N27UHBEM3MY5LGLMZRLPTBPI,W75SYX3EE7JC34PC5MMAYG3EVHO3IDEBGQQRFRIEHNLIZNLRQTCB5TUYZY,772170811,Normal Settle,36HI5MZYX626BC432ZGVSJA4SOPMBMKCNYQ5AQF5KRGB4WBTMYBA,NBKNOOADWKOUMB2EFPCRAT6O3MSY4UW5APX5RQUTUCXCKOIEYPZA,RELEASED,67579655,4.42,4.825,9.695,6,16,2,6000,18000,24000,0,True
51,2448850886253012297,42CIA4I5Z7VAX4SON5WN7HL7KLY6MUTZR7N27UHBEM3MY5LGLMZRLPTBPI,W75SYX3EE7JC34PC5MMAYG3EVHO3IDEBGQQRFRIEHNLIZNLRQTCB5TUYZY,772170811,Attested Fail,L2MQVVYNDICLDPKKRWOPDROIE5EJSAMQIB7LTJFNQ6WA5GXU72YA,RUTE3X74EYSKUBOFI7VI22UX65QWEFKAKEYFVX2MVTVUQ43XL4AQ,REFUNDED,67579659,4.484,4.82,9.808,6,7,2,6000,9000,15000,0,True
52,15288813572209525510,42CIA4I5Z7VAX4SON5WN7HL7KLY6MUTZR7N27UHBEM3MY5LGLMZRLPTBPI,W75SYX3EE7JC34PC5MMAYG3EVHO3IDEBGQQRFRIEHNLIZNLRQTCB5TUYZY,772170811,Attested Fail,ZYMCWKT3CNC3HYYUTCFCTRWES54S75DUNKZLGNH247ZWQA7AIZPQ,WN4FQYISM63KDUEMUPE4IBX4CRPEBYXWHA34LYSE42YUM5CVTURQ,REFUNDED,67579663,4.398,4.984,9.813,6,7,2,6000,9000,15000,0,True
53,13951154038101572715,42CIA4I5Z7VAX4SON5WN7HL7KLY6MUTZR7N27UHBEM3MY5LGLMZRLPTBPI,W75SYX3EE7JC34PC5MMAYG3EVHO3IDEBGQQRFRIEHNLIZNLRQTCB5TUYZY,772170811,Attested Fail,OG4FRAVDXZWQWFN45ONH4LAY2OM265QBUBXG2XP5FIIMQBSII2GA,C5X5UZJYG4MCKS6MFG5NZH4OWAIW7S7SKJ4ZIQFNEHYGL45X6LUA,REFUNDED,67579667,4.486,4.92,9.873,6,7,2,6000,9000,15000,0,True
54,4007485577408641501,42CIA4I5Z7VAX4SON5WN7HL7KLY6MUTZR7N27UHBEM3MY5LGLMZRLPTBPI,W75SYX3EE7JC34PC5MMAYG3EVHO3IDEBGQQRFRIEHNLIZNLRQTCB5TUYZY,772170811,Attested Fail,M4IYVZDVSIU2XJK33QEGHGDPFK3QFRECINXTIYE7L3E7LMOGECBQ,Y62FGHZRHSRKAIREAFIG5PFD5TATO2CTVVO3J7TSPIVMVRXYMYDA,REFUNDED,67579671,4.493,4.945,9.946,6,7,2,6000,9000,15000,0,True
55,6837745530769646790,42CIA4I5Z7VAX4SON5WN7HL7KLY6MUTZR7N27UHBEM3MY5LGLMZRLPTBPI,W75SYX3EE7JC34PC5MMAYG3EVHO3IDEBGQQRFRIEHNLIZNLRQTCB5TUYZY,772170811,Attested Fail,WFQNBICWSTOQQ5XN6UVIGEKUWV6QJCKJ32AYHQ5TQVANHOTR4O4Q,NNUMN6V2L7FCD7LCYKUC4CZFPIWN7MDL2XNO55YBP4CFTFHX6BLA,REFUNDED,67579675,4.499,4.87,9.861,6,7,2,6000,9000,15000,0,True
56,5292306407921692760,42CIA4I5Z7VAX4SON5WN7HL7KLY6MUTZR7N27UHBEM3MY5LGLMZRLPTBPI,W75SYX3EE7JC34PC5MMAYG3EVHO3IDEBGQQRFRIEHNLIZNLRQTCB5TUYZY,772170811,Attested Fail,ZX7QQSHX4SQKQTW3TFZFXNMAO6PYA6WIM3SWQMIATTRPDI2FDN6A,WRVMIKIHZWY377JW6KDAGR4CHH46KTHEYSPQQZUMULG5LXNX7UAA,REFUNDED,67579679,4.492,4.926,9.919,6,7,2,6000,9000,15000,0,True
57,3706768589306347093,42CIA4I5Z7VAX4SON5WN7HL7KLY6MUTZR7N27UHBEM3MY5LGLMZRLPTBPI,W75SYX3EE7JC34PC5MMAYG3EVHO3IDEBGQQRFRIEHNLIZNLRQTCB5TUYZY,772170811,Attested Fail,NBBHYFO36IPKIR575WPDREGSWPDEJRYRUTAA35ZWXVXEX2HZG7DA,AY6SJFBE7DTRDCKFGHYN75M4VFDKWJ6XNJMLC2TA6HSQR5ZAZP5A,REFUNDED,67579683,4.479,4.94,9.901,6,7,2,6000,9000,15000,0,True
58,4327853896834265946,42CIA4I5Z7VAX4SON5WN7HL7KLY6MUTZR7N27UHBEM3MY5LGLMZRLPTBPI,W75SYX3EE7JC34PC5MMAYG3EVHO3IDEBGQQRFRIEHNLIZNLRQTCB5TUYZY,772170811,Attested Fail,BP334UGTT3ZB23UZYS2TVAQA3XN6KHV7DHDOUP6YGP556W2TCMWQ,VES7LTDGIGQ3DULZJMIZUVJKWAI3MJCYCJTSMGU6WMAWYCIDZ6OA,REFUNDED,67579687,4.496,4.888,9.938,6,7,2,6000,9000,15000,0,True
59,980583199380849979,42CIA4I5Z7VAX4SON5WN7HL7KLY6MUTZR7N27UHBEM3MY5LGLMZRLPTBPI,W75SYX3EE7JC34PC5MMAYG3EVHO3IDEBGQQRFRIEHNLIZNLRQTCB5TUYZY,772170811,Attested Fail,OPSIXIKZ52VRT3SKEZQFEQKLOBKE64L7PRO3CAH35DBTQFGXHU2A,T3HGZGHTRNDXBOKEPW4W4YL2T6XH4WVBFALELET4WBK5QCMYXWBQ,REFUNDED,67579691,4.393,4.995,9.869,6,7,2,6000,9000,15000,0,True
60,15844461928388894297,42CIA4I5Z7VAX4SON5WN7HL7KLY6MUTZR7N27UHBEM3MY5LGLMZRLPTBPI,W75SYX3EE7JC34PC5MMAYG3EVHO3IDEBGQQRFRIEHNLIZNLRQTCB5TUYZY,772170811,Attested Fail,QJBPYZL6VUA6WQJRWZOQ4L5MF5LY4P7RWQMDADO2EME2GZQSXXVA,CTEF5U6EVLHLTVGSAS3EAIXFRV7QWJE7HORHCV67VWLWEEHXXMDQ,REFUNDED,67579695,4.45,4.94,9.862,6,7,2,6000,9000,15000,0,True
61,10113362215634468724,42CIA4I5Z7VAX4SON5WN7HL7KLY6MUTZR7N27UHBEM3MY5LGLMZRLPTBPI,W75SYX3EE7JC34PC5MMAYG3EVHO3IDEBGQQRFRIEHNLIZNLRQTCB5TUYZY,772170811,Attested Fail,PJ26ZR3KJDNE4ULAL4WEU5ZOATIKDUND5DEOOI55NYEQS2LK52PQ,WMRXOBMK3ADBTZQIG3ZB3J5M6O3WOUH7NIIM4VESR2IOREHF2X7Q,REFUNDED,67579699,4.418,4.967,9.876,6,7,2,6000,9000,15000,0,True
62,8311230360404003106,42CIA4I5Z7VAX4SON5WN7HL7KLY6MUTZR7N27UHBEM3MY5LGLMZRLPTBPI,W75SYX3EE7JC34PC5MMAYG3EVHO3IDEBGQQRFRIEHNLIZNLRQTCB5TUYZY,772170811,Attested Fail,QCVXKS3T3F54XQZF63CB36OGEKYGVM4PPETU6EL2ILQXIWO5RQZQ,EJXCO7YYY4DLKJPHG44TBRY75ZI25YDPDXFDE5ITVJYVQGN3JWXQ,REFUNDED,67579703,4.469,4.948,9.864,6,7,2,6000,9000,15000,0,True
63,10947455308005271675,42CIA4I5Z7VAX4SON5WN7HL7KLY6MUTZR7N27UHBEM3MY5LGLMZRLPTBPI,W75SYX3EE7JC34PC5MMAYG3EVHO3IDEBGQQRFRIEHNLIZNLRQTCB5TUYZY,772170811,Attested Fail,EYX5BCY6J6XFIS44AJEHVBDLRO5DGJEAQD5TDDAOXPHGRCDJJCUQ,IX4CECN6CC6FHX7JGKYE7WYGXJSHW2TQOBEPB7OMH6KLBH5NLAJA,REFUNDED,67579707,4.473,4.971,9.877,6,7,2,6000,9000,15000,0,True
64,18094074955996049342,42CIA4I5Z7VAX4SON5WN7HL7KLY6MUTZR7N27UHBEM3MY5LGLMZRLPTBPI,W75SYX3EE7JC34PC5MMAYG3EVHO3IDEBGQQRFRIEHNLIZNLRQTCB5TUYZY,772170811,Attested Fail,KLLXT2HSJEKMRT5OO2MD77XC2H47TCSVR34VKHLHDVBSOMLATIQQ,BSLSKRDJ5HKXE2PRELJ75EIX2GISVBJ2WXJJXZJDCJ5TTHYIYIBA,REFUNDED,67579711,4.511,5.002,10.001,6,7,2,6000,9000,15000,0,True
65,13202099151685783923,42CIA4I5Z7VAX4SON5WN7HL7KLY6MUTZR7N27UHBEM3MY5LGLMZRLPTBPI,W75SYX3EE7JC34PC5MMAYG3EVHO3IDEBGQQRFRIEHNLIZNLRQTCB5TUYZY,772170811,Attested Fail,EUFUU3AARDLZLD3FPDKSHM7AOQNNKEW3PXDH52BNHHOJ6DAMSYTA,6V6VO4U4UJNWZMSD75ISZKR5X2NS5KQPMQ52X2EZYSL3YL3YUHIA,REFUNDED,67579715,4.381,4.994,9.856,6,7,2,6000,9000,15000,0,True
66,7289906470722022195,42CIA4I5Z7VAX4SON5WN7HL7KLY6MUTZR7N27UHBEM3MY5LGLMZRLPTBPI,W75SYX3EE7JC34PC5MMAYG3EVHO3IDEBGQQRFRIEHNLIZNLRQTCB5TUYZY,772170811,Attested Fail,JL4BAPU5OL3274OB364AGXWZ6PIZ3RE5EY4D76HIBZT6J674BBEQ,3NQ6RG34MYAOUTGCVVLWHWYS3JKE66RMJKS2PLSGG67P7UFIZVHQ,REFUNDED,67579719,4.526,4.881,9.923,6,7,2,6000,9000,15000,0,True
67,16556206694592669273,42CIA4I5Z7VAX4SON5WN7HL7KLY6MUTZR7N27UHBEM3MY5LGLMZRLPTBPI,W75SYX3EE7JC34PC5MMAYG3EVHO3IDEBGQQRFRIEHNLIZNLRQTCB5TUYZY,772170811,Attested Fail,PQ2WKW4XAQQ5VCUOC2V4YLJG7UUKN2MYUZU6NGL72XAIPWPPUM7A,ZB2IAWC44YE2AWOXK5HK6J6Z6HHJ6UXRARPTL7LBWXMZMGFVW7BA,REFUNDED,67579731,26.187,4.939,31.62,6,7,2,6000,9000,15000,0,True
68,17258124763009302087,42CIA4I5Z7VAX4SON5WN7HL7KLY6MUTZR7N27UHBEM3MY5LGLMZRLPTBPI,W75SYX3EE7JC34PC5MMAYG3EVHO3IDEBGQQRFRIEHNLIZNLRQTCB5TUYZY,772170811,Attested Fail,NKHDAW5ZVQOXEKBPT6GURLICQDXZVLO6DOVCZZSSPFPXW6P4TTFA,X45Z2PF24W7VTTCQCRM3X3W2AP4XZRXVDOF5SNPQCRJHEPLWZQZQ,REFUNDED,67579735,4.352,5.013,9.802,6,7,2,6000,9000,15000,0,True
69,7691931407862395084,42CIA4I5Z7VAX4SON5WN7HL7KLY6MUTZR7N27UHBEM3MY5LGLMZRLPTBPI,W75SYX3EE7JC34PC5MMAYG3EVHO3IDEBGQQRFRIEHNLIZNLRQTCB5TUYZY,772170811,Attested Fail,ZUNMZI3EWQ6I6YZBKJCEDI3AGPURM7O2KONTYE4DMHGGBYYAUMXQ,43M4Q7CCEYBC7TJSWNI7BR3BUULZR2IJV4IWS76XBFXCMMBN6KXA,REFUNDED,67579739,4.346,4.984,9.782,6,7,2,6000,9000,15000,0,True
70,5182849833349088437,42CIA4I5Z7VAX4SON5WN7HL7KLY6MUTZR7N27UHBEM3MY5LGLMZRLPTBPI,W75SYX3EE7JC34PC5MMAYG3EVHO3IDEBGQQRFRIEHNLIZNLRQTCB5TUYZY,772170811,Attested Fail,H4XBQBUYXZS2S7DWGOXYCERILEXZDWPUYXZP77XB5OL5EG5UKOIA,PYT77VYHDAMDLD4TDEXWGFA4JBOD5EFRMGNHNGXSSSP27KSSOVYA,REFUNDED,67579743,4.574,4.9,9.962,6,7,2,6000,9000,15000,0,True
71,3518909139286533899,42CIA4I5Z7VAX4SON5WN7HL7KLY6MUTZR7N27UHBEM3MY5LGLMZRLPTBPI,W75SYX3EE7JC34PC5MMAYG3EVHO3IDEBGQQRFRIEHNLIZNLRQTCB5TUYZY,772170811,Attested Fail,53KR2ARX4WW5YAWU7GCB74CFXR554HITFEX73XZJTO4WLPOMGT7Q,CT5YMAI72RAFNGTO5RXSUYHVLMN3ZA2XSL65EUCN6AWOIXOQQIDA,REFUNDED,67579747,4.354,5.026,9.826,6,7,2,6000,9000,15000,0,True
72,3872879346604144887,42CIA4I5Z7VAX4SON5WN7HL7KLY6MUTZR7N27UHBEM3MY5LGLMZRLPTBPI,W75SYX3EE7JC34PC5MMAYG3EVHO3IDEBGQQRFRIEHNLIZNLRQTCB5TUYZY,772170811,Attested Fail,R7NBQ363FMNKRDBAGK7O6QYCXRO2EWDB4RTPTJD6IR7OYOARAF4Q,NDRUJLJMTI6U7P2YA2B6GAAUXHF47SH3CT2HDFMVQV54TYHEKEHA,REFUNDED,67579751,4.507,4.961,9.96,6,7,2,6000,9000,15000,0,True
73,12371824487987625905,42CIA4I5Z7VAX4SON5WN7HL7KLY6MUTZR7N27UHBEM3MY5LGLMZRLPTBPI,W75SYX3EE7JC34PC5MMAYG3EVHO3IDEBGQQRFRIEHNLIZNLRQTCB5TUYZY,772170811,Attested Fail,C7V7THJXAJVR4XGRVYS4NXVA23SU34BCIIZGORHY2FUWAUC73LVQ,DL4VPTN5MAD3I2LE4FFHB2K2A2LDIXHSCZDXE4JSVAI7TW2OHSLQ,REFUNDED,67579755,4.412,5.004,9.846,6,7,2,6000,9000,15000,0,True
74,11509725008381600151,42CIA4I5Z7VAX4SON5WN7HL7KLY6MUTZR7N27UHBEM3MY5LGLMZRLPTBPI,W75SYX3EE7JC34PC5MMAYG3EVHO3IDEBGQQRFRIEHNLIZNLRQTCB5TUYZY,772170811,Attested Fail,IE5D6T7K7BMRAQHD7HMGR5JJAWWVK4IZSSAMFDJR6VK5BJJ6SJYA,F4BRSRYZFGIDF35H676ZFMIOWIYID7MOCOQVZGMUGRQT6YP52MNQ,REFUNDED,67579759,4.341,5.006,9.792,6,7,2,6000,9000,15000,0,True
75,13356113147539365543,42CIA4I5Z7VAX4SON5WN7HL7KLY6MUTZR7N27UHBEM3MY5LGLMZRLPTBPI,W75SYX3EE7JC34PC5MMAYG3EVHO3IDEBGQQRFRIEHNLIZNLRQTCB5TUYZY,772170811,Attested Fail,TXZGWXZAWS5OTCR7QFMD2ZVHGLNZRGNDYGPITCRTE7RNKPCMPIJQ,CD5URFBNB5GUTLW2ZRHAFT76K34KMLXIWSAHZD5LGGOUASJJZJNA,REFUNDED,67579763,4.415,4.944,9.842,6,7,2,6000,9000,15000,0,True
76,582613648248879323,42CIA4I5Z7VAX4SON5WN7HL7KLY6MUTZR7N27UHBEM3MY5LGLMZRLPTBPI,W75SYX3EE7JC34PC5MMAYG3EVHO3IDEBGQQRFRIEHNLIZNLRQTCB5TUYZY,772170811,Attested Fail,O7WSIFIL6KP4GESRHBAEVXNGJKF5VQP7ZKQR2N7R7MBBCAJHTVNA,QOJNTA32QD4ZKTFUWD3GQ7ZZ23SEELGN55ELL5L6LVV4AHBU5EDQ,REFUNDED,67579767,4.436,4.913,9.879,6,7,2,6000,9000,15000,0,True
77,12399277659494484652,42CIA4I5Z7VAX4SON5WN7HL7KLY6MUTZR7N27UHBEM3MY5LGLMZRLPTBPI,W75SYX3EE7JC34PC5MMAYG3EVHO3IDEBGQQRFRIEHNLIZNLRQTCB5TUYZY,772170811,Attested Fail,7Q2EPLQOECLD4VSJVPGI6OCMSUMOKNQL3GLW7N5RPTHGFO3JV4LQ,RZ63NCW6MLYIRF4DZEIVL5LZWOCTG64R4JM4GNNS7DQ46MJE55CQ,REFUNDED,67579771,4.447,4.951,9.868,6,7,2,6000,9000,15000,0,True
78,12969474581974399968,42CIA4I5Z7VAX4SON5WN7HL7KLY6MUTZR7N27UHBEM3MY5LGLMZRLPTBPI,W75SYX3EE7JC34PC5MMAYG3EVHO3IDEBGQQRFRIEHNLIZNLRQTCB5TUYZY,772170811,Attested Fail,HZPRSTTMCXI2B73DGZ6UMO2WRBIDYE5BNL2QOOVDS5P6LY25A6HQ,SW2LHDGN6D6AOZUHGHD4I3ULQVDQWUSYL34TN436OOT45ZNTIYSA,REFUNDED,67579775,4.497,4.992,9.903,6,7,2,6000,9000,15000,0,True
79,2220954233806600341,42CIA4I5Z7VAX4SON5WN7HL7KLY6MUTZR7N27UHBEM3MY5LGLMZRLPTBPI,W75SYX3EE7JC34PC5MMAYG3EVHO3IDEBGQQRFRIEHNLIZNLRQTCB5TUYZY,772170811,Attested Fail,H263EH6VNITP66UZ7ETQWOW7IJRIESTJVRTLRRMFUJZ3EJRDGZ3Q,BHMG4IYIBCRKJJ57TTWSK3O53HLHR5755D2RKDYAVAR5Z7J7A3CQ,REFUNDED,67579779,4.4,4.996,9.837,6,7,2,6000,9000,15000,0,True
80,14808380431157181446,42CIA4I5Z7VAX4SON5WN7HL7KLY6MUTZR7N27UHBEM3MY5LGLMZRLPTBPI,W75SYX3EE7JC34PC5MMAYG3EVHO3IDEBGQQRFRIEHNLIZNLRQTCB5TUYZY,772170811,Attested Fail,OCTSJUJJERJPSM7VA3BO2I5NSMZHLHJMODGOPE6NTQ2QMZFCTSEA,QLSSD5DNSZA7QTML4Y7PH4UYHILWL2UKFLAL2RKQUCKRYP2TEJVA,REFUNDED,67579783,4.484,4.9,9.907,6,7,2,6000,9000,15000,0,True
81,18184048806273791494,42CIA4I5Z7VAX4SON5WN7HL7KLY6MUTZR7N27UHBEM3MY5LGLMZRLPTBPI,W75SYX3EE7JC34PC5MMAYG3EVHO3IDEBGQQRFRIEHNLIZNLRQTCB5TUYZY,772170811,Timeout Refund,FUPVKRGUK7I3N6CAHQG2RQLRUIFESDKQSTMWISU4FGQUCUIQGZXA,5A3ZUU3MSDEUES4NSGWZFWCQVPPMD46HCWME5FLZ3ZWCHSSAYVBA,REFUNDED,67579789,4.364,10.369,15.177,6,3,2,6000,5000,11000,0,True
82,8480159006571303747,42CIA4I5Z7VAX4SON5WN7HL7KLY6MUTZR7N27UHBEM3MY5LGLMZRLPTBPI,W75SYX3EE7JC34PC5MMAYG3EVHO3IDEBGQQRFRIEHNLIZNLRQTCB5TUYZY,772170811,Timeout Refund,NL4ALTVYY3SUXPIZEEHAHJVGC7SEFDOLL4SWUXFMV2BBHJ65FOSA,DE6GGYNJGDC7TYRWS6F67I73UBRSWACS2PA6LQS5N4ZHYOL5FWQQ,REFUNDED,67579795,4.51,10.332,15.239,6,3,2,6000,5000,11000,0,True
83,5018305029224321568,42CIA4I5Z7VAX4SON5WN7HL7KLY6MUTZR7N27UHBEM3MY5LGLMZRLPTBPI,W75SYX3EE7JC34PC5MMAYG3EVHO3IDEBGQQRFRIEHNLIZNLRQTCB5TUYZY,772170811,Timeout Refund,3ODKGUFDK7SACS2L7T7MEAHKMVQ2B4I34HRD42QEO7HPWVKG5CMA,MTGH65DOE3GTMICNONXUJ7KJZQ3DNU7M3LCH35ALYK74YEQTCOKA,REFUNDED,67579801,4.407,10.294,15.195,6,3,2,6000,5000,11000,0,True
84,12275575508958877529,42CIA4I5Z7VAX4SON5WN7HL7KLY6MUTZR7N27UHBEM3MY5LGLMZRLPTBPI,W75SYX3EE7JC34PC5MMAYG3EVHO3IDEBGQQRFRIEHNLIZNLRQTCB5TUYZY,772170811,Timeout Refund,IALKOPQ62CCIHOTRROANENBZTWG7PWH25CJGX25JXI6ZH76CQKFA,GOFASRRRIX4HGSJX7UX7D3WQ4RJFUAK5GI6S6XHSRSDNE6DTGDCQ,REFUNDED,67579807,4.473,10.179,15.15,6,3,2,6000,5000,11000,0,True
85,11032258623544819910,42CIA4I5Z7VAX4SON5WN7HL7KLY6MUTZR7N27UHBEM3MY5LGLMZRLPTBPI,W75SYX3EE7JC34PC5MMAYG3EVHO3IDEBGQQRFRIEHNLIZNLRQTCB5TUYZY,772170811,Timeout Refund,VQP74DJ6HUYEFFYUKBIMFSZOLFDZWNEGPUDCSKEYS7SO5C45G5AQ,5EXXKRS3GSREGRMZMCMA63LNPKTPDEWW2EOO2ROVUR3PVBGF26FQ,REFUNDED,67579813,4.403,10.211,15.091,6,3,2,6000,5000,11000,0,True
86,11097081501406724385,42CIA4I5Z7VAX4SON5WN7HL7KLY6MUTZR7N27UHBEM3MY5LGLMZRLPTBPI,W75SYX3EE7JC34PC5MMAYG3EVHO3IDEBGQQRFRIEHNLIZNLRQTCB5TUYZY,772170811,Timeout Refund,ZQ3NORSPYFW6STU6JL3B6FLQE45K3TK5DN4SGSCATV6HXR3MJT5A,U6Q676PVE6QBYYJWMFUMG5JB5CC3LSRV4CLVX4I4P3SOZKGNLOEQ,REFUNDED,67579819,4.36,10.366,15.139,6,3,2,6000,5000,11000,0,True
87,9203982439722682542,42CIA4I5Z7VAX4SON5WN7HL7KLY6MUTZR7N27UHBEM3MY5LGLMZRLPTBPI,W75SYX3EE7JC34PC5MMAYG3EVHO3IDEBGQQRFRIEHNLIZNLRQTCB5TUYZY,772170811,Timeout Refund,KNZX544VOPPFPY3WY7SIVHL5MWYHDMC5RAQW6EZIQSI4XH7PQ4XQ,RQHRIGFYEMP3RDBCPSOUTYBMVD4M3Q3VW4WM75PSTMMURLHLU6TQ,REFUNDED,67579825,4.285,10.222,14.983,6,3,2,6000,5000,11000,0,True
88,5945957214053913416,42CIA4I5Z7VAX4SON5WN7HL7KLY6MUTZR7N27UHBEM3MY5LGLMZRLPTBPI,W75SYX3EE7JC34PC5MMAYG3EVHO3IDEBGQQRFRIEHNLIZNLRQTCB5TUYZY,772170811,Timeout Refund,ZHZ2KRS7IQMNUN3RAS7DNNLH77HSZIG4CETANUTB7B35T4PMD7PQ,7HE372SLZLFHDWUUUWOIT26DLIRGG6UBXLOR6HSZDY3HDOA2TL4A,REFUNDED,67579831,4.514,10.16,15.131,6,3,2,6000,5000,11000,0,True
89,16254298982120784125,42CIA4I5Z7VAX4SON5WN7HL7KLY6MUTZR7N27UHBEM3MY5LGLMZRLPTBPI,W75SYX3EE7JC34PC5MMAYG3EVHO3IDEBGQQRFRIEHNLIZNLRQTCB5TUYZY,772170811,Timeout Refund,BFBNVC2PVPDL3IWQX3MYNZRE6ANF7AEAYPB2O2M7DT2YOYI6YZHA,N3WEKFDGKFTOX32KA5OOWZFDJJ7EFJPA6HQUTO5DKJKO2525MCSA,REFUNDED,67579837,4.448,10.282,15.2,6,3,2,6000,5000,11000,0,True
90,5954800957319828825,42CIA4I5Z7VAX4SON5WN7HL7KLY6MUTZR7N27UHBEM3MY5LGLMZRLPTBPI,W75SYX3EE7JC34PC5MMAYG3EVHO3IDEBGQQRFRIEHNLIZNLRQTCB5TUYZY,772170811,Timeout Refund,CFYTGGYDSOXMRIS4FIRVZ7SPO43JOYCEGXGOJ6O3MSHPULMY2ILA,SKUM45S4FBSLXUSIB5KN57LCHBHXJDWJZOLVFXVGWM7RUKQ43VQQ,REFUNDED,67579843,4.438,10.178,15.112,6,3,2,6000,5000,11000,0,True
91,10800351019520175296,42CIA4I5Z7VAX4SON5WN7HL7KLY6MUTZR7N27UHBEM3MY5LGLMZRLPTBPI,W75SYX3EE7JC34PC5MMAYG3EVHO3IDEBGQQRFRIEHNLIZNLRQTCB5TUYZY,772170811,Timeout Refund,PRZVYE5DLGTVPMOUNAWYTW5QPKA7BBFYUC5CM6232O5APYTATNKA,GMIJM2FPO2BAJYZDE75D25UZGNG2MZDJD45PNWP6F4YHWAYHL5PQ,REFUNDED,67579849,4.395,10.152,15.048,6,3,2,6000,5000,11000,0,True
92,1104493118906845954,42CIA4I5Z7VAX4SON5WN7HL7KLY6MUTZR7N27UHBEM3MY5LGLMZRLPTBPI,W75SYX3EE7JC34PC5MMAYG3EVHO3IDEBGQQRFRIEHNLIZNLRQTCB5TUYZY,772170811,Timeout Refund,CR46KV5DA4XYUIFOTPWZ2GQLDCQ5VZBF7WDK2MNC4LLN3N53B36A,SNDFAZZIFYN72RQ7A2RC2G5JTAXFCPNOHX2RRRQJ225FY3ST6HEA,REFUNDED,67579855,4.409,10.216,15.075,6,3,2,6000,5000,11000,0,True
93,16819246473727527750,42CIA4I5Z7VAX4SON5WN7HL7KLY6MUTZR7N27UHBEM3MY5LGLMZRLPTBPI,W75SYX3EE7JC34PC5MMAYG3EVHO3IDEBGQQRFRIEHNLIZNLRQTCB5TUYZY,772170811,Timeout Refund,DVHIPAH4PO3MPWIKTIGXUNQ5R2HXTQNYQPWTVLXXQEZMUUL5D42Q,VL4H3OHS4PWRKAJZQQWD4IDQZCUOTQAMOZZMGXOMQRK64WXQ2LRQ,REFUNDED,67579861,4.437,10.251,15.18,6,3,2,6000,5000,11000,0,True
94,7911949726083121307,42CIA4I5Z7VAX4SON5WN7HL7KLY6MUTZR7N27UHBEM3MY5LGLMZRLPTBPI,W75SYX3EE7JC34PC5MMAYG3EVHO3IDEBGQQRFRIEHNLIZNLRQTCB5TUYZY,772170811,Timeout Refund,ZRNR3OUP22BXDT2PKMNC23SDDUGZ6DAEKMGF7GKVYDUHQ72SY2BQ,2RZ7SNJ6ODC3RSL4AZTXX7S2B2OAPITDWAY25S2BGXIELGNN22MA,REFUNDED,67579867,4.47,10.286,15.255,6,3,2,6000,5000,11000,0,True
95,597090099572116790,42CIA4I5Z7VAX4SON5WN7HL7KLY6MUTZR7N27UHBEM3MY5LGLMZRLPTBPI,W75SYX3EE7JC34PC5MMAYG3EVHO3IDEBGQQRFRIEHNLIZNLRQTCB5TUYZY,772170811,Timeout Refund,EQVTLBAQJM5ILBOHYAIUZHV3525JM7KDVE2W6XAG76CRNG6LVXLQ,UXFMIZTEL74LB6HLXYQKZBPTEGGYVJMI6V3HVHJHJ63BB6L6QSYQ,REFUNDED,67579873,4.411,10.354,15.231,6,3,2,6000,5000,11000,0,True
96,13580161962467332242,42CIA4I5Z7VAX4SON5WN7HL7KLY6MUTZR7N27UHBEM3MY5LGLMZRLPTBPI,W75SYX3EE7JC34PC5MMAYG3EVHO3IDEBGQQRFRIEHNLIZNLRQTCB5TUYZY,772170811,Timeout Refund,OT5XETZ4VJYC4QOAUQ6BB5YOQR563CHMUA2LJER446IID5XWR7NQ,5AQC3GFUF3KIULLHXADFKI5QANLSGSIIRVYJWPYVPY3XRI4MVARA,REFUNDED,67579879,4.498,10.168,15.221,6,3,2,6000,5000,11000,0,True
97,5499074275849009560,42CIA4I5Z7VAX4SON5WN7HL7KLY6MUTZR7N27UHBEM3MY5LGLMZRLPTBPI,W75SYX3EE7JC34PC5MMAYG3EVHO3IDEBGQQRFRIEHNLIZNLRQTCB5TUYZY,772170811,Timeout Refund,R5L3W7J7F5R7GGRQGEOFZTIRKMXWDZDM2NMAXGKZUU6UQ6QWUPPA,7HGDSWERVAHPSLETBJ46NL7MOF32DC3RT5EY6S4RHJYJKOZCJOPQ,REFUNDED,67579885,4.302,10.255,15.027,6,3,2,6000,5000,11000,0,True
98,1379138534605136681,42CIA4I5Z7VAX4SON5WN7HL7KLY6MUTZR7N27UHBEM3MY5LGLMZRLPTBPI,W75SYX3EE7JC34PC5MMAYG3EVHO3IDEBGQQRFRIEHNLIZNLRQTCB5TUYZY,772170811,Timeout Refund,M4WYFKZFCZOLEQIFZP6XBTBWWGZF6JOVWIITJ5NZC23HGFFZBFOA,6FXGQH2XGJJMV6MADCK423OYIMOZRO4MZ22ZQSCVCQHLWOM62BTA,REFUNDED,67582647,5.983,42.221,48.663,6,3,2,6000,5000,11000,0,True
99,6434453815834757916,42CIA4I5Z7VAX4SON5WN7HL7KLY6MUTZR7N27UHBEM3MY5LGLMZRLPTBPI,W75SYX3EE7JC34PC5MMAYG3EVHO3IDEBGQQRFRIEHNLIZNLRQTCB5TUYZY,772170811,Timeout Refund,TQVYGDO7XOXLZAX5VGYKD3BFVCNIWDTJRWEJWGT5A2Z6P4UFDLJQ,DN7HFTKAKDGPGC4WY4MZSMMX767YPDIUCFJEJJR6FBBC2ZU6NKPQ,REFUNDED,67582666,5.179,23.892,29.54,6,3,2,6000,5000,11000,0,True
100,6025569242740683649,42CIA4I5Z7VAX4SON5WN7HL7KLY6MUTZR7N27UHBEM3MY5LGLMZRLPTBPI,W75SYX3EE7JC34PC5MMAYG3EVHO3IDEBGQQRFRIEHNLIZNLRQTCB5TUYZY,772170811,Timeout Refund,PKCAO3ETO3D5RSNKGRONGJUHB7URD2NPXAW2BB2M7SGRJG5JF3KQ,LXNMVDZB545DOBO4NRZJNZB3U5JTT754H2TKEMZW5LMAUMTWCJWQ,REFUNDED,67582677,4.475,23.853,28.79,6,3,2,6000,5000,11000,0,True
101,15308731246392730066,42CIA4I5Z7VAX4SON5WN7HL7KLY6MUTZR7N27UHBEM3MY5LGLMZRLPTBPI,W75SYX3EE7JC34PC5MMAYG3EVHO3IDEBGQQRFRIEHNLIZNLRQTCB5TUYZY,772170811,Timeout Refund,KDBXN4DNFEUVGJ2ONODNMMZRLQ6L4YSMITOMLX7TVBRPKHTUAJNA,XCK3JXO4SOZZQUFZBE4N5YXIREVXPQPFJRYCFXTGLQILAUDMJRTA,REFUNDED,67582688,4.524,23.868,28.798,6,3,2,6000,5000,11000,0,True
102,16187839393933500117,42CIA4I5Z7VAX4SON5WN7HL7KLY6MUTZR7N27UHBEM3MY5LGLMZRLPTBPI,W75SYX3EE7JC34PC5MMAYG3EVHO3IDEBGQQRFRIEHNLIZNLRQTCB5TUYZY,772170811,Timeout Refund,DAYOZIIZWYGSWSGZMO2JTSHZK5XJUBIOYRBDB7QRIZXHSASXUH5Q,FYJMF724O6OY2IXLUAUCWVCJECKZWXJT4JP6ZL3J2JKT5IJ34V5A,REFUNDED,67582699,4.533,23.636,28.684,6,3,2,6000,5000,11000,0,True
103,2900485352799118857,42CIA4I5Z7VAX4SON5WN7HL7KLY6MUTZR7N27UHBEM3MY5LGLMZRLPTBPI,W75SYX3EE7JC34PC5MMAYG3EVHO3IDEBGQQRFRIEHNLIZNLRQTCB5TUYZY,772170811,Timeout Refund,OL4JAGXPJQ3MS4JDDEJIQI3B3453LVL57J2II3MXGECQBDXFNCZA,5QBCQYLLTEYPYLOUCUGIR2VTVIRNSIADHBEKWMNRJCEYEFPH675Q,REFUNDED,67582710,4.472,23.703,28.602,6,3,2,6000,5000,11000,0,True
104,10922058886511793059,42CIA4I5Z7VAX4SON5WN7HL7KLY6MUTZR7N27UHBEM3MY5LGLMZRLPTBPI,W75SYX3EE7JC34PC5MMAYG3EVHO3IDEBGQQRFRIEHNLIZNLRQTCB5TUYZY,772170811,Timeout Refund,KFPID3OQK3XGIHYZVZBKY7BNO3CES2AKPHUP2IAIQUO7JV2WGPLQ,7ZDZR3PXZMTSGKV2VXFW2VCTIJT5FGEXMOQD5BE63ZBN26OOSI4Q,REFUNDED,67582721,4.368,23.587,28.432,6,3,2,6000,5000,11000,0,True
105,48823976841957215,42CIA4I5Z7VAX4SON5WN7HL7KLY6MUTZR7N27UHBEM3MY5LGLMZRLPTBPI,W75SYX3EE7JC34PC5MMAYG3EVHO3IDEBGQQRFRIEHNLIZNLRQTCB5TUYZY,772170811,Timeout Refund,GEJ5PRCSZZZTQIE7YZE3DR4SEGPWGM5CWGLDMX2N4SPPLXOEHLHA,ZZRICEQZKXBUQNYLA3X3FMRL6IM6S7N7HAPWZ3UDFNNYNTMY44FQ,REFUNDED,67582732,4.379,23.634,28.509,6,3,2,6000,5000,11000,0,True
106,1492787003040209717,42CIA4I5Z7VAX4SON5WN7HL7KLY6MUTZR7N27UHBEM3MY5LGLMZRLPTBPI,W75SYX3EE7JC34PC5MMAYG3EVHO3IDEBGQQRFRIEHNLIZNLRQTCB5TUYZY,772170811,Timeout Refund,ZNLAMFSQQSVJVXJEAYZLJZUUPNEIE62C3SAJWIIBRDPVJPTWCLUQ,ZV5XID4YCUQQFJRFNPO7DZYODINFCXK3PPF3WELQKFFTMZXOJ3WA,REFUNDED,67582743,4.365,23.593,28.394,6,3,2,6000,5000,11000,0,True
107,17369287861787322343,42CIA4I5Z7VAX4SON5WN7HL7KLY6MUTZR7N27UHBEM3MY5LGLMZRLPTBPI,W75SYX3EE7JC34PC5MMAYG3EVHO3IDEBGQQRFRIEHNLIZNLRQTCB5TUYZY,772170811,Timeout Refund,V2N6T5MJNMACB7C4J2MDJHYPLQZKF6KIWJANAOUUY3UXYGCIVOQQ,LULQUODAOKGVB4TTPPFKR3VDTDFV6Z2KFLLFC63RLPTWZJLKRAOA,REFUNDED,67582754,4.487,23.568,28.534,6,3,2,6000,5000,11000,0,True
108,358578523831020864,42CIA4I5Z7VAX4SON5WN7HL7KLY6MUTZR7N27UHBEM3MY5LGLMZRLPTBPI,W75SYX3EE7JC34PC5MMAYG3EVHO3IDEBGQQRFRIEHNLIZNLRQTCB5TUYZY,772170811,Timeout Refund,3MMRH2COSIG65APUJRA7X3UO6ALDXZZONJ7SHSUWAN2Y4PGMFPMQ,2HM3WADQH3XQZCLZXVBQJR35HWU3X2OUXJB4MDHCRQ6IGSTGFQUQ,REFUNDED,67582765,4.414,23.98,28.794,6,3,2,6000,5000,11000,0,True
109,11307110846196279572,42CIA4I5Z7VAX4SON5WN7HL7KLY6MUTZR7N27UHBEM3MY5LGLMZRLPTBPI,W75SYX3EE7JC34PC5MMAYG3EVHO3IDEBGQQRFRIEHNLIZNLRQTCB5TUYZY,772170811,Timeout Refund,SBYDBJGXT3ZIE4D2UGYJI2LYCE66HKTKWQGPQRJFZD35JRPF5S7Q,BODOOMROJUM675DTDEI2Q7PXPZM2CMSPQU3ZAZTZG7D4XJDWESMA,REFUNDED,67582776,4.497,23.864,28.861,6,3,2,6000,5000,11000,0,True
110,2363254352461249865,42CIA4I5Z7VAX4SON5WN7HL7KLY6MUTZR7N27UHBEM3MY5LGLMZRLPTBPI,W75SYX3EE7JC34PC5MMAYG3EVHO3IDEBGQQRFRIEHNLIZNLRQTCB5TUYZY,772170811,Timeout Refund,ECOVJ7SY2X5GFMEE7PC7XYG5VQA3XLXWYU7XNBSFHIKBCZSZWCBQ,F3SFHHFUFNTGSGWU5CTTK4AJE5FCCRUUJJO6NMFPPV7HO34NBBZQ,REFUNDED,67582787,4.502,23.932,28.879,6,3,2,6000,5000,11000,0,True
