attack_id,attack_class,final_app_id,session_id,nonce,expected_rejection,actual_result,revert_reason
1,Replay Auth (Released),772156663,9,301898453115687320,Assert SPENT marker,REVERTED,"assert failed pc=670. Details: app=772156663, pc=670, opcodes=load 4; !; assert"
2,Replay Auth (Released),772156663,9,301898453115687320,Assert SPENT marker,REVERTED,"assert failed pc=670. Details: app=772156663, pc=670, opcodes=load 4; !; assert"
3,Replay Auth (Released),772156663,9,301898453115687320,Assert SPENT marker,REVERTED,"assert failed pc=670. Details: app=772156663, pc=670, opcodes=load 4; !; assert"
4,Replay Auth (Released),772156663,9,301898453115687320,Assert SPENT marker,REVERTED,"assert failed pc=670. Details: app=772156663, pc=670, opcodes=load 4; !; assert"
5,Replay Auth (Released),772156663,9,301898453115687320,Assert SPENT marker,REVERTED,"assert failed pc=670. Details: app=772156663, pc=670, opcodes=load 4; !; assert"
6,Replay Auth (Released),772156663,9,301898453115687320,Assert SPENT marker,REVERTED,"assert failed pc=670. Details: app=772156663, pc=670, opcodes=load 4; !; assert"
7,Replay Auth (Released),772156663,9,301898453115687320,Assert SPENT marker,REVERTED,"assert failed pc=670. Details: app=772156663, pc=670, opcodes=load 4; !; assert"
8,Replay Auth (Released),772156663,9,301898453115687320,Assert SPENT marker,REVERTED,"assert failed pc=670. Details: app=772156663, pc=670, opcodes=load 4; !; assert"
9,Replay Auth (Released),772156663,9,301898453115687320,Assert SPENT marker,REVERTED,"assert failed pc=670. Details: app=772156663, pc=670, opcodes=load 4; !; assert"
10,Replay Auth (Released),772156663,9,301898453115687320,Assert SPENT marker,REVERTED,"assert failed pc=670. Details: app=772156663, pc=670, opcodes=load 4; !; assert"
11,Replay Auth (Released),772156663,9,301898453115687320,Assert SPENT marker,REVERTED,"assert failed pc=670. Details: app=772156663, pc=670, opcodes=load 4; !; assert"
12,Replay Auth (Released),772156663,9,301898453115687320,Assert SPENT marker,REVERTED,"assert failed pc=670. Details: app=772156663, pc=670, opcodes=load 4; !; assert"
13,Replay Auth (Released),772156663,9,301898453115687320,Assert SPENT marker,REVERTED,"assert failed pc=670. Details: app=772156663, pc=670, opcodes=load 4; !; assert"
14,Replay Auth (Released),772156663,9,301898453115687320,Assert SPENT marker,REVERTED,"assert failed pc=670. Details: app=772156663, pc=670, opcodes=load 4; !; assert"
15,Replay Auth (Released),772156663,9,301898453115687320,Assert SPENT marker,REVERTED,"assert failed pc=670. Details: app=772156663, pc=670, opcodes=load 4; !; assert"
16,Replay Auth (Released),772156663,9,301898453115687320,Assert SPENT marker,REVERTED,"assert failed pc=670. Details: app=772156663, pc=670, opcodes=load 4; !; assert"
17,Replay Auth (Released),772156663,9,301898453115687320,Assert SPENT marker,REVERTED,"assert failed pc=670. Details: app=772156663, pc=670, opcodes=load 4; !; assert"
18,Replay Auth (Released),772156663,9,301898453115687320,Assert SPENT marker,REVERTED,"assert failed pc=670. Details: app=772156663, pc=670, opcodes=load 4; !; assert"
19,Replay Auth (Released),772156663,9,301898453115687320,Assert SPENT marker,REVERTED,"assert failed pc=670. Details: app=772156663, pc=670, opcodes=load 4; !; assert"
20,Replay Auth (Released),772156663,9,301898453115687320,Assert SPENT marker,REVERTED,"assert failed pc=670. Details: app=772156663, pc=670, opcodes=load 4; !; assert"
21,Replay Auth (Refunded),772156663,10,8792790960710313763,Assert SPENT marker,REVERTED,"assert failed pc=670. Details: app=772156663, pc=670, opcodes=load 4; !; assert"
22,Replay Auth (Refunded),772156663,10,8792790960710313763,Assert SPENT marker,REVERTED,"assert failed pc=670. Details: app=772156663, pc=670, opcodes=load 4; !; assert"
23,Replay Auth (Refunded),772156663,10,8792790960710313763,Assert SPENT marker,REVERTED,"assert failed pc=670. Details: app=772156663, pc=670, opcodes=load 4; !; assert"
24,Replay Auth (Refunded),772156663,10,8792790960710313763,Assert SPENT marker,REVERTED,"assert failed pc=670. Details: app=772156663, pc=670, opcodes=load 4; !; assert"
25,Replay Auth (Refunded),772156663,10,8792790960710313763,Assert SPENT marker,REVERTED,"assert failed pc=670. Details: app=772156663, pc=670, opcodes=load 4; !; assert"
26,Replay Auth (Refunded),772156663,10,8792790960710313763,Assert SPENT marker,REVERTED,"assert failed pc=670. Details: app=772156663, pc=670, opcodes=load 4; !; assert"
27,Replay Auth (Refunded),772156663,10,8792790960710313763,Assert SPENT marker,REVERTED,"assert failed pc=670. Details: app=772156663, pc=670, opcodes=load 4; !; assert"
28,Replay Auth (Refunded),772156663,10,8792790960710313763,Assert SPENT marker,REVERTED,"assert failed pc=670. Details: app=772156663, pc=670, opcodes=load 4; !; assert"
29,Replay Auth (Refunded),772156663,10,8792790960710313763,Assert SPENT marker,REVERTED,"assert failed pc=670. Details: app=772156663, pc=670, opcodes=load 4; !; assert"
30,Replay Auth (Refunded),772156663,10,8792790960710313763,Assert SPENT marker,REVERTED,"assert failed pc=670. Details: app=772156663, pc=670, opcodes=load 4; !; assert"
31,Replay Auth (Refunded),772156663,10,8792790960710313763,Assert SPENT marker,REVERTED,"assert failed pc=670. Details: app=772156663, pc=670, opcodes=load 4; !; assert"
32,Replay Auth (Refunded),772156663,10,8792790960710313763,Assert SPENT marker,REVERTED,"assert failed pc=670. Details: app=772156663, pc=670, opcodes=load 4; !; assert"
33,Replay Auth (Refunded),772156663,10,8792790960710313763,Assert SPENT marker,REVERTED,"assert failed pc=670. Details: app=772156663, pc=670, opcodes=load 4; !; assert"
34,Replay Auth (Refunded),772156663,10,8792790960710313763,Assert SPENT marker,REVERTED,"assert failed pc=670. Details: app=772156663, pc=670, opcodes=load 4; !; assert"
35,Replay Auth (Refunded),772156663,10,8792790960710313763,Assert SPENT marker,REVERTED,"assert failed pc=670. Details: app=772156663, pc=670, opcodes=load 4; !; assert"
36,Replay Auth (Refunded),772156663,10,8792790960710313763,Assert SPENT marker,REVERTED,"assert failed pc=670. Details: app=772156663, pc=670, opcodes=load 4; !; assert"
37,Replay Auth (Refunded),772156663,10,8792790960710313763,Assert SPENT marker,REVERTED,"assert failed pc=670. Details: app=772156663, pc=670, opcodes=load 4; !; assert"
38,Replay Auth (Refunded),772156663,10,8792790960710313763,Assert SPENT marker,REVERTED,"assert failed pc=670. Details: app=772156663, pc=670, opcodes=load 4; !; assert"
39,Replay Auth (Refunded),772156663,10,8792790960710313763,Assert SPENT marker,REVERTED,"assert failed pc=670. Details: app=772156663, pc=670, opcodes=load 4; !; assert"
40,Replay Auth (Refunded),772156663,10,8792790960710313763,Assert SPENT marker,REVERTED,"assert failed pc=670. Details: app=772156663, pc=670, opcodes=load 4; !; assert"
41,Duplicate Terminal Group,772156663,9,301898453115687320,Assert ACTIVE marker,REVERTED,"assert failed pc=961. Details: app=772156663, pc=961, opcodes=store 5; load 6; assert"
42,Duplicate Terminal Group,772156663,9,301898453115687320,Assert ACTIVE marker,REVERTED,"assert failed pc=961. Details: app=772156663, pc=961, opcodes=store 5; load 6; assert"
43,Duplicate Terminal Group,772156663,9,301898453115687320,Assert ACTIVE marker,REVERTED,"assert failed pc=961. Details: app=772156663, pc=961, opcodes=store 5; load 6; assert"
44,Duplicate Terminal Group,772156663,9,301898453115687320,Assert ACTIVE marker,REVERTED,"assert failed pc=961. Details: app=772156663, pc=961, opcodes=store 5; load 6; assert"
45,Duplicate Terminal Group,772156663,9,301898453115687320,Assert ACTIVE marker,REVERTED,"assert failed pc=961. Details: app=772156663, pc=961, opcodes=store 5; load 6; assert"
46,Duplicate Terminal Group,772156663,9,301898453115687320,Assert ACTIVE marker,REVERTED,"assert failed pc=961. Details: app=772156663, pc=961, opcodes=store 5; load 6; assert"
47,Duplicate Terminal Group,772156663,9,301898453115687320,Assert ACTIVE marker,REVERTED,"assert failed pc=961. Details: app=772156663, pc=961, opcodes=store 5; load 6; assert"
48,Duplicate Terminal Group,772156663,9,301898453115687320,Assert ACTIVE marker,REVERTED,"assert failed pc=961. Details: app=772156663, pc=961, opcodes=store 5; load 6; assert"
49,Duplicate Terminal Group,772156663,9,301898453115687320,Assert ACTIVE marker,REVERTED,"assert failed pc=961. Details: app=772156663, pc=961, opcodes=store 5; load 6; assert"
50,Duplicate Terminal Group,772156663,9,301898453115687320,Assert ACTIVE marker,REVERTED,"assert failed pc=961. Details: app=772156663, pc=961, opcodes=store 5; load 6; assert"
51,Duplicate Terminal Group,772156663,9,301898453115687320,Assert ACTIVE marker,REVERTED,"assert failed pc=961. Details: app=772156663, pc=961, opcodes=store 5; load 6; assert"
52,Duplicate Terminal Group,772156663,9,301898453115687320,Assert ACTIVE marker,REVERTED,"assert failed pc=961. Details: app=772156663, pc=961, opcodes=store 5; load 6; assert"
53,Duplicate Terminal Group,772156663,9,301898453115687320,Assert ACTIVE marker,REVERTED,"assert failed pc=961. Details: app=772156663, pc=961, opcodes=store 5; load 6; assert"
54,Duplicate Terminal Group,772156663,9,301898453115687320,Assert ACTIVE marker,REVERTED,"assert failed pc=961. Details: app=772156663, pc=961, opcodes=store 5; load 6; assert"
55,Duplicate Terminal Group,772156663,9,301898453115687320,Assert ACTIVE marker,REVERTED,"assert failed pc=961. Details: app=772156663, pc=961, opcodes=store 5; load 6; assert"
56,Duplicate Terminal Group,772156663,9,301898453115687320,Assert ACTIVE marker,REVERTED,"assert failed pc=961. Details: app=772156663, pc=961, opcodes=store 5; load 6; assert"
57,Duplicate Terminal Group,772156663,9,301898453115687320,Assert ACTIVE marker,REVERTED,"assert failed pc=961. Details: app=772156663, pc=961, opcodes=store 5; load 6; assert"
58,Duplicate Terminal Group,772156663,9,301898453115687320,Assert ACTIVE marker,REVERTED,"assert failed pc=961. Details: app=772156663, pc=961, opcodes=store 5; load 6; assert"
59,Duplicate Terminal Group,772156663,9,301898453115687320,Assert ACTIVE marker,REVERTED,"assert failed pc=961. Details: app=772156663, pc=961, opcodes=store 5; load 6; assert"
60,Duplicate Terminal Group,772156663,9,301898453115687320,Assert ACTIVE marker,REVERTED,"assert failed pc=961. Details: app=772156663, pc=961, opcodes=store 5; load 6; assert"
61,Concurrent Auth Duplicate,772156663,11,9733054514370298688,ACTIVE box exists,REVERTED,"assert failed pc=647. Details: app=772156663, pc=647, opcodes=load 2; !; assert"
62,Concurrent Auth Duplicate,772156663,11,9733054514370298688,ACTIVE box exists,REVERTED,"assert failed pc=647. Details: app=772156663, pc=647, opcodes=load 2; !; assert"
63,Concurrent Auth Duplicate,772156663,11,9733054514370298688,ACTIVE box exists,REVERTED,"assert failed pc=647. Details: app=772156663, pc=647, opcodes=load 2; !; assert"
64,Concurrent Auth Duplicate,772156663,11,9733054514370298688,ACTIVE box exists,REVERTED,"assert failed pc=647. Details: app=772156663, pc=647, opcodes=load 2; !; assert"
65,Concurrent Auth Duplicate,772156663,11,9733054514370298688,ACTIVE box exists,REVERTED,"assert failed pc=647. Details: app=772156663, pc=647, opcodes=load 2; !; assert"
66,Concurrent Auth Duplicate,772156663,11,9733054514370298688,ACTIVE box exists,REVERTED,"assert failed pc=647. Details: app=772156663, pc=647, opcodes=load 2; !; assert"
67,Concurrent Auth Duplicate,772156663,11,9733054514370298688,ACTIVE box exists,REVERTED,"assert failed pc=647. Details: app=772156663, pc=647, opcodes=load 2; !; assert"
68,Concurrent Auth Duplicate,772156663,11,9733054514370298688,ACTIVE box exists,REVERTED,"assert failed pc=647. Details: app=772156663, pc=647, opcodes=load 2; !; assert"
69,Concurrent Auth Duplicate,772156663,11,9733054514370298688,ACTIVE box exists,REVERTED,"assert failed pc=647. Details: app=772156663, pc=647, opcodes=load 2; !; assert"
70,Concurrent Auth Duplicate,772156663,11,9733054514370298688,ACTIVE box exists,REVERTED,"assert failed pc=647. Details: app=772156663, pc=647, opcodes=load 2; !; assert"
71,Concurrent Auth Duplicate,772156663,11,9733054514370298688,ACTIVE box exists,REVERTED,"assert failed pc=647. Details: app=772156663, pc=647, opcodes=load 2; !; assert"
72,Concurrent Auth Duplicate,772156663,11,9733054514370298688,ACTIVE box exists,REVERTED,"assert failed pc=647. Details: app=772156663, pc=647, opcodes=load 2; !; assert"
73,Concurrent Auth Duplicate,772156663,11,9733054514370298688,ACTIVE box exists,REVERTED,"assert failed pc=647. Details: app=772156663, pc=647, opcodes=load 2; !; assert"
74,Concurrent Auth Duplicate,772156663,11,9733054514370298688,ACTIVE box exists,REVERTED,"assert failed pc=647. Details: app=772156663, pc=647, opcodes=load 2; !; assert"
75,Concurrent Auth Duplicate,772156663,11,9733054514370298688,ACTIVE box exists,REVERTED,"assert failed pc=647. Details: app=772156663, pc=647, opcodes=load 2; !; assert"
76,Concurrent Auth Duplicate,772156663,11,9733054514370298688,ACTIVE box exists,REVERTED,"assert failed pc=647. Details: app=772156663, pc=647, opcodes=load 2; !; assert"
77,Concurrent Auth Duplicate,772156663,11,9733054514370298688,ACTIVE box exists,REVERTED,"assert failed pc=647. Details: app=772156663, pc=647, opcodes=load 2; !; assert"
78,Concurrent Auth Duplicate,772156663,11,9733054514370298688,ACTIVE box exists,REVERTED,"assert failed pc=647. Details: app=772156663, pc=647, opcodes=load 2; !; assert"
79,Concurrent Auth Duplicate,772156663,11,9733054514370298688,ACTIVE box exists,REVERTED,"assert failed pc=647. Details: app=772156663, pc=647, opcodes=load 2; !; assert"
80,Concurrent Auth Duplicate,772156663,11,9733054514370298688,ACTIVE box exists,REVERTED,"assert failed pc=647. Details: app=772156663, pc=647, opcodes=load 2; !; assert"
81,Payload Tampering (H_p),772156663,12,15701684383717990409,ed25519verify_bare fail,REVERTED,"assert failed pc=1104. Details: app=772156663, pc=1104, opcodes=frame_dig 4; ed25519verify_bare; assert"
82,Payload Tampering (H_p),772156663,12,15701684383717990409,ed25519verify_bare fail,REVERTED,"assert failed pc=1104. Details: app=772156663, pc=1104, opcodes=frame_dig 4; ed25519verify_bare; assert"
83,Payload Tampering (H_p),772156663,12,15701684383717990409,ed25519verify_bare fail,REVERTED,"assert failed pc=1104. Details: app=772156663, pc=1104, opcodes=frame_dig 4; ed25519verify_bare; assert"
84,Payload Tampering (H_p),772156663,12,15701684383717990409,ed25519verify_bare fail,REVERTED,"assert failed pc=1104. Details: app=772156663, pc=1104, opcodes=frame_dig 4; ed25519verify_bare; assert"
85,Payload Tampering (H_p),772156663,12,15701684383717990409,ed25519verify_bare fail,REVERTED,"assert failed pc=1104. Details: app=772156663, pc=1104, opcodes=frame_dig 4; ed25519verify_bare; assert"
86,Payload Tampering (H_p),772156663,12,15701684383717990409,ed25519verify_bare fail,REVERTED,"assert failed pc=1104. Details: app=772156663, pc=1104, opcodes=frame_dig 4; ed25519verify_bare; assert"
87,Payload Tampering (H_p),772156663,12,15701684383717990409,ed25519verify_bare fail,REVERTED,"assert failed pc=1104. Details: app=772156663, pc=1104, opcodes=frame_dig 4; ed25519verify_bare; assert"
88,Payload Tampering (H_p),772156663,12,15701684383717990409,ed25519verify_bare fail,REVERTED,"assert failed pc=1104. Details: app=772156663, pc=1104, opcodes=frame_dig 4; ed25519verify_bare; assert"
89,Payload Tampering (H_p),772156663,12,15701684383717990409,ed25519verify_bare fail,REVERTED,"assert failed pc=1104. Details: app=772156663, pc=1104, opcodes=frame_dig 4; ed25519verify_bare; assert"
90,Payload Tampering (H_p),772156663,12,15701684383717990409,ed25519verify_bare fail,REVERTED,"assert failed pc=1104. Details: app=772156663, pc=1104, opcodes=frame_dig 4; ed25519verify_bare; assert"
91,Payload Tampering (H_p),772156663,12,15701684383717990409,ed25519verify_bare fail,REVERTED,"assert failed pc=1104. Details: app=772156663, pc=1104, opcodes=frame_dig 4; ed25519verify_bare; assert"
92,Payload Tampering (H_p),772156663,12,15701684383717990409,ed25519verify_bare fail,REVERTED,"assert failed pc=1104. Details: app=772156663, pc=1104, opcodes=frame_dig 4; ed25519verify_bare; assert"
93,Payload Tampering (H_p),772156663,12,15701684383717990409,ed25519verify_bare fail,REVERTED,"assert failed pc=1104. Details: app=772156663, pc=1104, opcodes=frame_dig 4; ed25519verify_bare; assert"
94,Payload Tampering (H_p),772156663,12,15701684383717990409,ed25519verify_bare fail,REVERTED,"assert failed pc=1104. Details: app=772156663, pc=1104, opcodes=frame_dig 4; ed25519verify_bare; assert"
95,Payload Tampering (H_p),772156663,12,15701684383717990409,ed25519verify_bare fail,REVERTED,"assert failed pc=1104. Details: app=772156663, pc=1104, opcodes=frame_dig 4; ed25519verify_bare; assert"
96,Payload Tampering (H_p),772156663,12,15701684383717990409,ed25519verify_bare fail,REVERTED,"assert failed pc=1104. Details: app=772156663, pc=1104, opcodes=frame_dig 4; ed25519verify_bare; assert"
97,Payload Tampering (H_p),772156663,12,15701684383717990409,ed25519verify_bare fail,REVERTED,"assert failed pc=1104. Details: app=772156663, pc=1104, opcodes=frame_dig 4; ed25519verify_bare; assert"
98,Payload Tampering (H_p),772156663,12,15701684383717990409,ed25519verify_bare fail,REVERTED,"assert failed pc=1104. Details: app=772156663, pc=1104, opcodes=frame_dig 4; ed25519verify_bare; assert"
99,Payload Tampering (H_p),772156663,12,15701684383717990409,ed25519verify_bare fail,REVERTED,"assert failed pc=1104. Details: app=772156663, pc=1104, opcodes=frame_dig 4; ed25519verify_bare; assert"
100,Payload Tampering (H_p),772156663,12,15701684383717990409,ed25519verify_bare fail,REVERTED,"assert failed pc=1104. Details: app=772156663, pc=1104, opcodes=frame_dig 4; ed25519verify_bare; assert"
101,Bad Attester Signature,772156663,12,15701684383717990409,ed25519verify_bare fail,REVERTED,"assert failed pc=1167. Details: app=772156663, pc=1167, opcodes=callsub label21; ed25519verify_bare; assert"
102,Bad Attester Signature,772156663,12,15701684383717990409,ed25519verify_bare fail,REVERTED,"assert failed pc=1167. Details: app=772156663, pc=1167, opcodes=callsub label21; ed25519verify_bare; assert"
103,Bad Attester Signature,772156663,12,15701684383717990409,ed25519verify_bare fail,REVERTED,"assert failed pc=1167. Details: app=772156663, pc=1167, opcodes=callsub label21; ed25519verify_bare; assert"
104,Bad Attester Signature,772156663,12,15701684383717990409,ed25519verify_bare fail,REVERTED,"assert failed pc=1167. Details: app=772156663, pc=1167, opcodes=callsub label21; ed25519verify_bare; assert"
105,Bad Attester Signature,772156663,12,15701684383717990409,ed25519verify_bare fail,REVERTED,"assert failed pc=1167. Details: app=772156663, pc=1167, opcodes=callsub label21; ed25519verify_bare; assert"
106,Bad Attester Signature,772156663,12,15701684383717990409,ed25519verify_bare fail,REVERTED,"assert failed pc=1167. Details: app=772156663, pc=1167, opcodes=callsub label21; ed25519verify_bare; assert"
107,Bad Attester Signature,772156663,12,15701684383717990409,ed25519verify_bare fail,REVERTED,"assert failed pc=1167. Details: app=772156663, pc=1167, opcodes=callsub label21; ed25519verify_bare; assert"
108,Bad Attester Signature,772156663,12,15701684383717990409,ed25519verify_bare fail,REVERTED,"assert failed pc=1167. Details: app=772156663, pc=1167, opcodes=callsub label21; ed25519verify_bare; assert"
109,Bad Attester Signature,772156663,12,15701684383717990409,ed25519verify_bare fail,REVERTED,"assert failed pc=1167. Details: app=772156663, pc=1167, opcodes=callsub label21; ed25519verify_bare; assert"
110,Bad Attester Signature,772156663,12,15701684383717990409,ed25519verify_bare fail,REVERTED,"assert failed pc=1167. Details: app=772156663, pc=1167, opcodes=callsub label21; ed25519verify_bare; assert"
111,Bad Attester Signature,772156663,12,15701684383717990409,ed25519verify_bare fail,REVERTED,"assert failed pc=1167. Details: app=772156663, pc=1167, opcodes=callsub label21; ed25519verify_bare; assert"
112,Bad Attester Signature,772156663,12,15701684383717990409,ed25519verify_bare fail,REVERTED,"assert failed pc=1167. Details: app=772156663, pc=1167, opcodes=callsub label21; ed25519verify_bare; assert"
113,Bad Attester Signature,772156663,12,15701684383717990409,ed25519verify_bare fail,REVERTED,"assert failed pc=1167. Details: app=772156663, pc=1167, opcodes=callsub label21; ed25519verify_bare; assert"
114,Bad Attester Signature,772156663,12,15701684383717990409,ed25519verify_bare fail,REVERTED,"assert failed pc=1167. Details: app=772156663, pc=1167, opcodes=callsub label21; ed25519verify_bare; assert"
115,Bad Attester Signature,772156663,12,15701684383717990409,ed25519verify_bare fail,REVERTED,"assert failed pc=1167. Details: app=772156663, pc=1167, opcodes=callsub label21; ed25519verify_bare; assert"
116,Bad Attester Signature,772156663,12,15701684383717990409,ed25519verify_bare fail,REVERTED,"assert failed pc=1167. Details: app=772156663, pc=1167, opcodes=callsub label21; ed25519verify_bare; assert"
117,Bad Attester Signature,772156663,12,15701684383717990409,ed25519verify_bare fail,REVERTED,"assert failed pc=1167. Details: app=772156663, pc=1167, opcodes=callsub label21; ed25519verify_bare; assert"
118,Bad Attester Signature,772156663,12,15701684383717990409,ed25519verify_bare fail,REVERTED,"assert failed pc=1167. Details: app=772156663, pc=1167, opcodes=callsub label21; ed25519verify_bare; assert"
119,Bad Attester Signature,772156663,12,15701684383717990409,ed25519verify_bare fail,REVERTED,"assert failed pc=1167. Details: app=772156663, pc=1167, opcodes=callsub label21; ed25519verify_bare; assert"
120,Bad Attester Signature,772156663,12,15701684383717990409,ed25519verify_bare fail,REVERTED,"assert failed pc=1167. Details: app=772156663, pc=1167, opcodes=callsub label21; ed25519verify_bare; assert"
121,Deadline Tampering,772156663,12,15701684383717990409,ed25519verify_bare fail,REVERTED,"assert failed pc=1167. Details: app=772156663, pc=1167, opcodes=callsub label21; ed25519verify_bare; assert"
122,Deadline Tampering,772156663,12,15701684383717990409,ed25519verify_bare fail,REVERTED,"assert failed pc=1167. Details: app=772156663, pc=1167, opcodes=callsub label21; ed25519verify_bare; assert"
123,Deadline Tampering,772156663,12,15701684383717990409,ed25519verify_bare fail,REVERTED,"assert failed pc=1167. Details: app=772156663, pc=1167, opcodes=callsub label21; ed25519verify_bare; assert"
124,Deadline Tampering,772156663,12,15701684383717990409,ed25519verify_bare fail,REVERTED,"assert failed pc=1167. Details: app=772156663, pc=1167, opcodes=callsub label21; ed25519verify_bare; assert"
125,Deadline Tampering,772156663,12,15701684383717990409,ed25519verify_bare fail,REVERTED,"assert failed pc=1167. Details: app=772156663, pc=1167, opcodes=callsub label21; ed25519verify_bare; assert"
126,Deadline Tampering,772156663,12,15701684383717990409,ed25519verify_bare fail,REVERTED,"assert failed pc=1167. Details: app=772156663, pc=1167, opcodes=callsub label21; ed25519verify_bare; assert"
127,Deadline Tampering,772156663,12,15701684383717990409,ed25519verify_bare fail,REVERTED,"assert failed pc=1167. Details: app=772156663, pc=1167, opcodes=callsub label21; ed25519verify_bare; assert"
128,Deadline Tampering,772156663,12,15701684383717990409,ed25519verify_bare fail,REVERTED,"assert failed pc=1167. Details: app=772156663, pc=1167, opcodes=callsub label21; ed25519verify_bare; assert"
129,Deadline Tampering,772156663,12,15701684383717990409,ed25519verify_bare fail,REVERTED,"assert failed pc=1167. Details: app=772156663, pc=1167, opcodes=callsub label21; ed25519verify_bare; assert"
130,Deadline Tampering,772156663,12,15701684383717990409,ed25519verify_bare fail,REVERTED,"assert failed pc=1167. Details: app=772156663, pc=1167, opcodes=callsub label21; ed25519verify_bare; assert"
131,Deadline Tampering,772156663,12,15701684383717990409,ed25519verify_bare fail,REVERTED,"assert failed pc=1167. Details: app=772156663, pc=1167, opcodes=callsub label21; ed25519verify_bare; assert"
132,Deadline Tampering,772156663,12,15701684383717990409,ed25519verify_bare fail,REVERTED,"assert failed pc=1167. Details: app=772156663, pc=1167, opcodes=callsub label21; ed25519verify_bare; assert"
133,Deadline Tampering,772156663,12,15701684383717990409,ed25519verify_bare fail,REVERTED,"assert failed pc=1167. Details: app=772156663, pc=1167, opcodes=callsub label21; ed25519verify_bare; assert"
134,Deadline Tampering,772156663,12,15701684383717990409,ed25519verify_bare fail,REVERTED,"assert failed pc=1167. Details: app=772156663, pc=1167, opcodes=callsub label21; ed25519verify_bare; assert"
135,Deadline Tampering,772156663,12,15701684383717990409,ed25519verify_bare fail,REVERTED,"assert failed pc=1167. Details: app=772156663, pc=1167, opcodes=callsub label21; ed25519verify_bare; assert"
136,Deadline Tampering,772156663,12,15701684383717990409,ed25519verify_bare fail,REVERTED,"assert failed pc=1167. Details: app=772156663, pc=1167, opcodes=callsub label21; ed25519verify_bare; assert"
137,Deadline Tampering,772156663,12,15701684383717990409,ed25519verify_bare fail,REVERTED,"assert failed pc=1167. Details: app=772156663, pc=1167, opcodes=callsub label21; ed25519verify_bare; assert"
138,Deadline Tampering,772156663,12,15701684383717990409,ed25519verify_bare fail,REVERTED,"assert failed pc=1167. Details: app=772156663, pc=1167, opcodes=callsub label21; ed25519verify_bare; assert"
139,Deadline Tampering,772156663,12,15701684383717990409,ed25519verify_bare fail,REVERTED,"assert failed pc=1167. Details: app=772156663, pc=1167, opcodes=callsub label21; ed25519verify_bare; assert"
140,Deadline Tampering,772156663,12,15701684383717990409,ed25519verify_bare fail,REVERTED,"assert failed pc=1167. Details: app=772156663, pc=1167, opcodes=callsub label21; ed25519verify_bare; assert"
141,Cross-User Replay,772156663,14,2767086749942023418,Assert buyer_address == session.buyer,REVERTED,"assert failed pc=1009. Details: app=772156663, pc=1009, opcodes=frame_dig 3; ==; assert"
142,Cross-User Replay,772156663,14,2767086749942023418,Assert buyer_address == session.buyer,REVERTED,"assert failed pc=1009. Details: app=772156663, pc=1009, opcodes=frame_dig 3; ==; assert"
143,Cross-User Replay,772156663,14,2767086749942023418,Assert buyer_address == session.buyer,REVERTED,"assert failed pc=1009. Details: app=772156663, pc=1009, opcodes=frame_dig 3; ==; assert"
144,Cross-User Replay,772156663,14,2767086749942023418,Assert buyer_address == session.buyer,REVERTED,"assert failed pc=1009. Details: app=772156663, pc=1009, opcodes=frame_dig 3; ==; assert"
145,Cross-User Replay,772156663,14,2767086749942023418,Assert buyer_address == session.buyer,REVERTED,"assert failed pc=1009. Details: app=772156663, pc=1009, opcodes=frame_dig 3; ==; assert"
146,Cross-User Replay,772156663,14,2767086749942023418,Assert buyer_address == session.buyer,REVERTED,"assert failed pc=1009. Details: app=772156663, pc=1009, opcodes=frame_dig 3; ==; assert"
147,Cross-User Replay,772156663,14,2767086749942023418,Assert buyer_address == session.buyer,REVERTED,"assert failed pc=1009. Details: app=772156663, pc=1009, opcodes=frame_dig 3; ==; assert"
148,Cross-User Replay,772156663,14,2767086749942023418,Assert buyer_address == session.buyer,REVERTED,"assert failed pc=1009. Details: app=772156663, pc=1009, opcodes=frame_dig 3; ==; assert"
149,Cross-User Replay,772156663,14,2767086749942023418,Assert buyer_address == session.buyer,REVERTED,"assert failed pc=1009. Details: app=772156663, pc=1009, opcodes=frame_dig 3; ==; assert"
150,Cross-User Replay,772156663,14,2767086749942023418,Assert buyer_address == session.buyer,REVERTED,"assert failed pc=1009. Details: app=772156663, pc=1009, opcodes=frame_dig 3; ==; assert"
151,Cross-User Replay,772156663,14,2767086749942023418,ed25519verify_bare (buyer binding mismatch),REVERTED,"assert failed pc=1104. Details: app=772156663, pc=1104, opcodes=frame_dig 4; ed25519verify_bare; assert"
152,Cross-User Replay,772156663,14,2767086749942023418,ed25519verify_bare (buyer binding mismatch),REVERTED,"assert failed pc=1104. Details: app=772156663, pc=1104, opcodes=frame_dig 4; ed25519verify_bare; assert"
153,Cross-User Replay,772156663,14,2767086749942023418,ed25519verify_bare (buyer binding mismatch),REVERTED,"assert failed pc=1104. Details: app=772156663, pc=1104, opcodes=frame_dig 4; ed25519verify_bare; assert"
154,Cross-User Replay,772156663,14,2767086749942023418,ed25519verify_bare (buyer binding mismatch),REVERTED,"assert failed pc=1104. Details: app=772156663, pc=1104, opcodes=frame_dig 4; ed25519verify_bare; assert"
155,Cross-User Replay,772156663,14,2767086749942023418,ed25519verify_bare (buyer binding mismatch),REVERTED,"assert failed pc=1104. Details: app=772156663, pc=1104, opcodes=frame_dig 4; ed25519verify_bare; assert"
156,Cross-User Replay,772156663,14,2767086749942023418,ed25519verify_bare (buyer binding mismatch),REVERTED,"assert failed pc=1104. Details: app=772156663, pc=1104, opcodes=frame_dig 4; ed25519verify_bare; assert"
157,Cross-User Replay,772156663,14,2767086749942023418,ed25519verify_bare (buyer binding mismatch),REVERTED,"assert failed pc=1104. Details: app=772156663, pc=1104, opcodes=frame_dig 4; ed25519verify_bare; assert"
158,Cross-User Replay,772156663,14,2767086749942023418,ed25519verify_bare (buyer binding mismatch),REVERTED,"assert failed pc=1104. Details: app=772156663, pc=1104, opcodes=frame_dig 4; ed25519verify_bare; assert"
159,Cross-User Replay,772156663,14,2767086749942023418,ed25519verify_bare (buyer binding mismatch),REVERTED,"assert failed pc=1104. Details: app=772156663, pc=1104, opcodes=frame_dig 4; ed25519verify_bare; assert"
160,Cross-User Replay,772156663,14,2767086749942023418,ed25519verify_bare (buyer binding mismatch),REVERTED,"assert failed pc=1104. Details: app=772156663, pc=1104, opcodes=frame_dig 4; ed25519verify_bare; assert"
161,Cross-Instance Replay,772156663,13,6269351868366864368,ed25519verify_bare (App ID binding mismatch),REVERTED,"assert failed pc=1104. Details: app=772156663, pc=1104, opcodes=frame_dig 4; ed25519verify_bare; assert"
162,Cross-Instance Replay,772156663,13,6269351868366864368,ed25519verify_bare (App ID binding mismatch),REVERTED,"assert failed pc=1104. Details: app=772156663, pc=1104, opcodes=frame_dig 4; ed25519verify_bare; assert"
163,Cross-Instance Replay,772156663,13,6269351868366864368,ed25519verify_bare (App ID binding mismatch),REVERTED,"assert failed pc=1104. Details: app=772156663, pc=1104, opcodes=frame_dig 4; ed25519verify_bare; assert"
164,Cross-Instance Replay,772156663,13,6269351868366864368,ed25519verify_bare (App ID binding mismatch),REVERTED,"assert failed pc=1104. Details: app=772156663, pc=1104, opcodes=frame_dig 4; ed25519verify_bare; assert"
165,Cross-Instance Replay,772156663,13,6269351868366864368,ed25519verify_bare (App ID binding mismatch),REVERTED,"assert failed pc=1104. Details: app=772156663, pc=1104, opcodes=frame_dig 4; ed25519verify_bare; assert"
166,Cross-Instance Replay,772156663,13,6269351868366864368,ed25519verify_bare (App ID binding mismatch),REVERTED,"assert failed pc=1104. Details: app=772156663, pc=1104, opcodes=frame_dig 4; ed25519verify_bare; assert"
167,Cross-Instance Replay,772156663,13,6269351868366864368,ed25519verify_bare (App ID binding mismatch),REVERTED,"assert failed pc=1104. Details: app=772156663, pc=1104, opcodes=frame_dig 4; ed25519verify_bare; assert"
168,Cross-Instance Replay,772156663,13,6269351868366864368,ed25519verify_bare (App ID binding mismatch),REVERTED,"assert failed pc=1104. Details: app=772156663, pc=1104, opcodes=frame_dig 4; ed25519verify_bare; assert"
169,Cross-Instance Replay,772156663,13,6269351868366864368,ed25519verify_bare (App ID binding mismatch),REVERTED,"assert failed pc=1104. Details: app=772156663, pc=1104, opcodes=frame_dig 4; ed25519verify_bare; assert"
170,Cross-Instance Replay,772156663,13,6269351868366864368,ed25519verify_bare (App ID binding mismatch),REVERTED,"assert failed pc=1104. Details: app=772156663, pc=1104, opcodes=frame_dig 4; ed25519verify_bare; assert"
171,Cross-Instance Replay,772156663,13,6269351868366864368,ed25519verify_bare (App ID binding mismatch),REVERTED,"assert failed pc=1104. Details: app=772156663, pc=1104, opcodes=frame_dig 4; ed25519verify_bare; assert"
172,Cross-Instance Replay,772156663,13,6269351868366864368,ed25519verify_bare (App ID binding mismatch),REVERTED,"assert failed pc=1104. Details: app=772156663, pc=1104, opcodes=frame_dig 4; ed25519verify_bare; assert"
173,Cross-Instance Replay,772156663,13,6269351868366864368,ed25519verify_bare (App ID binding mismatch),REVERTED,"assert failed pc=1104. Details: app=772156663, pc=1104, opcodes=frame_dig 4; ed25519verify_bare; assert"
174,Cross-Instance Replay,772156663,13,6269351868366864368,ed25519verify_bare (App ID binding mismatch),REVERTED,"assert failed pc=1104. Details: app=772156663, pc=1104, opcodes=frame_dig 4; ed25519verify_bare; assert"
175,Cross-Instance Replay,772156663,13,6269351868366864368,ed25519verify_bare (App ID binding mismatch),REVERTED,"assert failed pc=1104. Details: app=772156663, pc=1104, opcodes=frame_dig 4; ed25519verify_bare; assert"
176,Cross-Instance Replay,772156663,13,6269351868366864368,ed25519verify_bare (App ID binding mismatch),REVERTED,"assert failed pc=1104. Details: app=772156663, pc=1104, opcodes=frame_dig 4; ed25519verify_bare; assert"
177,Cross-Instance Replay,772156663,13,6269351868366864368,ed25519verify_bare (App ID binding mismatch),REVERTED,"assert failed pc=1104. Details: app=772156663, pc=1104, opcodes=frame_dig 4; ed25519verify_bare; assert"
178,Cross-Instance Replay,772156663,13,6269351868366864368,ed25519verify_bare (App ID binding mismatch),REVERTED,"assert failed pc=1104. Details: app=772156663, pc=1104, opcodes=frame_dig 4; ed25519verify_bare; assert"
179,Cross-Instance Replay,772156663,13,6269351868366864368,ed25519verify_bare (App ID binding mismatch),REVERTED,"assert failed pc=1104. Details: app=772156663, pc=1104, opcodes=frame_dig 4; ed25519verify_bare; assert"
180,Cross-Instance Replay,772156663,13,6269351868366864368,ed25519verify_bare (App ID binding mismatch),REVERTED,"assert failed pc=1104. Details: app=772156663, pc=1104, opcodes=frame_dig 4; ed25519verify_bare; assert"
